datetime,site,geometry,SWE,SWE_units,AVG AIR TEMP,AVG AIR TEMP_units,SNOWDEPTH,SNOWDEPTH_units,PRECIPITATION,PRECIPITATION_units,datasource
2020-10-01 08:00:00+00:00,622:CO:SNTL,POINT Z (-108.05756 39.05738 10168),0.0,in,45.68,degF,0.0,in,0.0,in,NRCS
2020-10-02 08:00:00+00:00,622:CO:SNTL,POINT Z (-108.05756 39.05738 10168),0.0,in,46.4,degF,0.0,in,0.0,in,NRCS
2020-10-03 08:00:00+00:00,622:CO:SNTL,POINT Z (-108.05756 39.05738 10168),0.0,in,44.06,degF,0.0,in,0.0,in,NRCS
2020-10-04 08:00:00+00:00,622:CO:SNTL,POINT Z (-108.05756 39.05738 10168),0.0,in,46.04,degF,0.0,in,0.0,in,NRCS
2020-10-05 08:00:00+00:00,622:CO:SNTL,POINT Z (-108.05756 39.05738 10168),0.0,in,46.22,degF,0.0,in,0.0,in,NRCS
2020-10-06 08:00:00+00:00,622:CO:SNTL,POINT Z (-108.05756 39.05738 10168),0.0,in,47.48,degF,0.0,in,0.0,in,NRCS
2020-10-07 08:00:00+00:00,622:CO:SNTL,POINT Z (-108.05756 39.05738 10168),0.0,in,50.18,degF,0.0,in,0.0,in,NRCS
2020-10-08 08:00:00+00:00,622:CO:SNTL,POINT Z (-108.05756 39.05738 10168),0.0,in,48.02,degF,0.0,in,0.0,in,NRCS
2020-10-09 08:00:00+00:00,622:CO:SNTL,POINT Z (-108.05756 39.05738 10168),0.0,in,48.2,degF,0.0,in,0.0,in,NRCS
2020-10-10 08:00:00+00:00,622:CO:SNTL,POINT Z (-108.05756 39.05738 10168),0.0,in,49.46,degF,0.0,in,0.0,in,NRCS
2020-10-11 08:00:00+00:00,622:CO:SNTL,POINT Z (-108.05756 39.05738 10168),0.0,in,36.68,degF,0.0,in,0.0,in,NRCS
2020-10-12 08:00:00+00:00,622:CO:SNTL,POINT Z (-108.05756 39.05738 10168),0.0,in,39.56,degF,0.0,in,0.0,in,NRCS
2020-10-13 08:00:00+00:00,622:CO:SNTL,POINT Z (-108.05756 39.05738 10168),0.0,in,46.22,degF,0.0,in,0.0,in,NRCS
2020-10-14 08:00:00+00:00,622:CO:SNTL,POINT Z (-108.05756 39.05738 10168),0.0,in,47.3,degF,0.0,in,0.0,in,NRCS
2020-10-15 08:00:00+00:00,622:CO:SNTL,POINT Z (-108.05756 39.05738 10168),0.0,in,32.72,degF,0.0,in,0.0,in,NRCS
2020-10-16 08:00:00+00:00,622:CO:SNTL,POINT Z (-108.05756 39.05738 10168),0.0,in,37.94,degF,0.0,in,0.0,in,NRCS
2020-10-17 08:00:00+00:00,622:CO:SNTL,POINT Z (-108.05756 39.05738 10168),0.0,in,42.44,degF,0.0,in,0.0,in,NRCS
2020-10-18 08:00:00+00:00,622:CO:SNTL,POINT Z (-108.05756 39.05738 10168),0.0,in,44.06,degF,0.0,in,0.0,in,NRCS
2020-10-19 08:00:00+00:00,622:CO:SNTL,POINT Z (-108.05756 39.05738 10168),0.0,in,43.16,degF,0.0,in,0.0,in,NRCS
2020-10-20 08:00:00+00:00,622:CO:SNTL,POINT Z (-108.05756 39.05738 10168),0.0,in,43.16,degF,0.0,in,0.0,in,NRCS
2020-10-21 08:00:00+00:00,622:CO:SNTL,POINT Z (-108.05756 39.05738 10168),0.0,in,47.12,degF,0.0,in,0.0,in,NRCS
2020-10-22 08:00:00+00:00,622:CO:SNTL,POINT Z (-108.05756 39.05738 10168),0.0,in,43.7,degF,0.0,in,0.0,in,NRCS
2020-10-23 08:00:00+00:00,622:CO:SNTL,POINT Z (-108.05756 39.05738 10168),0.0,in,39.56,degF,0.0,in,0.0,in,NRCS
2020-10-24 08:00:00+00:00,622:CO:SNTL,POINT Z (-108.05756 39.05738 10168),0.0,in,41.36,degF,0.0,in,0.0,in,NRCS
2020-10-25 08:00:00+00:00,622:CO:SNTL,POINT Z (-108.05756 39.05738 10168),0.0,in,29.48,degF,0.0,in,0.4,in,NRCS
2020-10-26 08:00:00+00:00,622:CO:SNTL,POINT Z (-108.05756 39.05738 10168),0.3,in,9.86,degF,6.0,in,0.1,in,NRCS
2020-10-27 08:00:00+00:00,622:CO:SNTL,POINT Z (-108.05756 39.05738 10168),0.4,in,18.32,degF,4.0,in,0.0,in,NRCS
2020-10-28 08:00:00+00:00,622:CO:SNTL,POINT Z (-108.05756 39.05738 10168),0.4,in,28.4,degF,2.0,in,0.0,in,NRCS
2020-10-29 08:00:00+00:00,622:CO:SNTL,POINT Z (-108.05756 39.05738 10168),0.4,in,30.74,degF,2.0,in,0.0,in,NRCS
2020-10-30 08:00:00+00:00,622:CO:SNTL,POINT Z (-108.05756 39.05738 10168),0.4,in,32.54,degF,2.0,in,0.0,in,NRCS
2020-10-31 08:00:00+00:00,622:CO:SNTL,POINT Z (-108.05756 39.05738 10168),0.4,in,33.8,degF,1.0,in,0.0,in,NRCS
2020-11-01 08:00:00+00:00,622:CO:SNTL,POINT Z (-108.05756 39.05738 10168),0.4,in,36.86,degF,1.0,in,0.0,in,NRCS
2020-11-02 08:00:00+00:00,622:CO:SNTL,POINT Z (-108.05756 39.05738 10168),0.4,in,38.3,degF,1.0,in,0.0,in,NRCS
2020-11-03 08:00:00+00:00,622:CO:SNTL,POINT Z (-108.05756 39.05738 10168),0.4,in,39.02,degF,1.0,in,0.0,in,NRCS
2020-11-04 08:00:00+00:00,622:CO:SNTL,POINT Z (-108.05756 39.05738 10168),0.3,in,38.12,degF,1.0,in,0.0,in,NRCS
2020-11-05 08:00:00+00:00,622:CO:SNTL,POINT Z (-108.05756 39.05738 10168),0.1,in,41.36,degF,1.0,in,0.0,in,NRCS
2020-11-06 08:00:00+00:00,622:CO:SNTL,POINT Z (-108.05756 39.05738 10168),0.0,in,42.98,degF,0.0,in,0.0,in,NRCS
2020-11-07 08:00:00+00:00,622:CO:SNTL,POINT Z (-108.05756 39.05738 10168),0.0,in,34.16,degF,0.0,in,0.4,in,NRCS
2020-11-08 08:00:00+00:00,622:CO:SNTL,POINT Z (-108.05756 39.05738 10168),0.4,in,18.86,degF,4.0,in,0.1,in,NRCS
2020-11-09 08:00:00+00:00,622:CO:SNTL,POINT Z (-108.05756 39.05738 10168),0.5,in,15.26,degF,5.0,in,0.4,in,NRCS
2020-11-10 08:00:00+00:00,622:CO:SNTL,POINT Z (-108.05756 39.05738 10168),0.9,in,12.38,degF,6.0,in,0.0,in,NRCS
2020-11-11 08:00:00+00:00,622:CO:SNTL,POINT Z (-108.05756 39.05738 10168),0.9,in,15.44,degF,5.0,in,0.1,in,NRCS
2020-11-12 08:00:00+00:00,622:CO:SNTL,POINT Z (-108.05756 39.05738 10168),1.0,in,19.4,degF,5.0,in,0.0,in,NRCS
2020-11-13 08:00:00+00:00,622:CO:SNTL,POINT Z (-108.05756 39.05738 10168),1.0,in,25.34,degF,5.0,in,0.2,in,NRCS
2020-11-14 08:00:00+00:00,622:CO:SNTL,POINT Z (-108.05756 39.05738 10168),1.2,in,15.98,degF,6.0,in,0.1,in,NRCS
2020-11-15 08:00:00+00:00,622:CO:SNTL,POINT Z (-108.05756 39.05738 10168),1.3,in,27.14,degF,7.0,in,0.2,in,NRCS
2020-11-16 08:00:00+00:00,622:CO:SNTL,POINT Z (-108.05756 39.05738 10168),1.5,in,33.98,degF,7.0,in,0.0,in,NRCS
2020-11-17 08:00:00+00:00,622:CO:SNTL,POINT Z (-108.05756 39.05738 10168),1.5,in,39.92,degF,5.0,in,0.0,in,NRCS
2020-11-18 08:00:00+00:00,622:CO:SNTL,POINT Z (-108.05756 39.05738 10168),1.5,in,41.0,degF,5.0,in,0.0,in,NRCS
2020-11-19 08:00:00+00:00,622:CO:SNTL,POINT Z (-108.05756 39.05738 10168),1.5,in,34.7,degF,4.0,in,0.0,in,NRCS
2020-11-20 08:00:00+00:00,622:CO:SNTL,POINT Z (-108.05756 39.05738 10168),1.5,in,35.24,degF,4.0,in,0.0,in,NRCS
2020-11-21 08:00:00+00:00,622:CO:SNTL,POINT Z (-108.05756 39.05738 10168),1.5,in,29.48,degF,4.0,in,0.0,in,NRCS
2020-11-22 08:00:00+00:00,622:CO:SNTL,POINT Z (-108.05756 39.05738 10168),1.5,in,29.3,degF,4.0,in,0.1,in,NRCS
2020-11-23 08:00:00+00:00,622:CO:SNTL,POINT Z (-108.05756 39.05738 10168),1.6,in,31.46,degF,5.0,in,0.2,in,NRCS
2020-11-24 08:00:00+00:00,622:CO:SNTL,POINT Z (-108.05756 39.05738 10168),1.8,in,17.6,degF,8.0,in,0.0,in,NRCS
2020-11-25 08:00:00+00:00,622:CO:SNTL,POINT Z (-108.05756 39.05738 10168),1.8,in,20.66,degF,7.0,in,0.0,in,NRCS
2020-11-26 08:00:00+00:00,622:CO:SNTL,POINT Z (-108.05756 39.05738 10168),1.8,in,18.32,degF,7.0,in,0.0,in,NRCS
2020-11-27 08:00:00+00:00,622:CO:SNTL,POINT Z (-108.05756 39.05738 10168),1.8,in,16.34,degF,7.0,in,0.0,in,NRCS
2020-11-28 08:00:00+00:00,622:CO:SNTL,POINT Z (-108.05756 39.05738 10168),1.8,in,21.56,degF,7.0,in,0.0,in,NRCS
2020-11-29 08:00:00+00:00,622:CO:SNTL,POINT Z (-108.05756 39.05738 10168),1.8,in,20.12,degF,7.0,in,0.0,in,NRCS
2020-11-30 08:00:00+00:00,622:CO:SNTL,POINT Z (-108.05756 39.05738 10168),1.8,in,23.9,degF,7.0,in,0.0,in,NRCS
2020-12-01 08:00:00+00:00,622:CO:SNTL,POINT Z (-108.05756 39.05738 10168),1.8,in,12.56,degF,7.0,in,0.0,in,NRCS
2020-12-02 08:00:00+00:00,622:CO:SNTL,POINT Z (-108.05756 39.05738 10168),1.8,in,9.14,degF,7.0,in,0.0,in,NRCS
2020-12-03 08:00:00+00:00,622:CO:SNTL,POINT Z (-108.05756 39.05738 10168),1.8,in,18.32,degF,7.0,in,0.0,in,NRCS
2020-12-04 08:00:00+00:00,622:CO:SNTL,POINT Z (-108.05756 39.05738 10168),1.8,in,26.78,degF,7.0,in,0.0,in,NRCS
2020-12-05 08:00:00+00:00,622:CO:SNTL,POINT Z (-108.05756 39.05738 10168),1.8,in,26.42,degF,7.0,in,0.0,in,NRCS
2020-12-06 08:00:00+00:00,622:CO:SNTL,POINT Z (-108.05756 39.05738 10168),1.8,in,24.62,degF,7.0,in,0.0,in,NRCS
2020-12-07 08:00:00+00:00,622:CO:SNTL,POINT Z (-108.05756 39.05738 10168),1.8,in,27.14,degF,7.0,in,0.0,in,NRCS
2020-12-08 08:00:00+00:00,622:CO:SNTL,POINT Z (-108.05756 39.05738 10168),1.8,in,28.76,degF,7.0,in,0.0,in,NRCS
2020-12-09 08:00:00+00:00,622:CO:SNTL,POINT Z (-108.05756 39.05738 10168),1.8,in,29.48,degF,7.0,in,0.0,in,NRCS
2020-12-10 08:00:00+00:00,622:CO:SNTL,POINT Z (-108.05756 39.05738 10168),1.8,in,25.88,degF,6.0,in,0.1,in,NRCS
2020-12-11 08:00:00+00:00,622:CO:SNTL,POINT Z (-108.05756 39.05738 10168),1.9,in,14.9,degF,6.0,in,0.2,in,NRCS
2020-12-12 08:00:00+00:00,622:CO:SNTL,POINT Z (-108.05756 39.05738 10168),2.1,in,9.32,degF,9.0,in,0.6,in,NRCS
2020-12-13 08:00:00+00:00,622:CO:SNTL,POINT Z (-108.05756 39.05738 10168),2.6,in,9.86,degF,15.0,in,0.1,in,NRCS
2020-12-14 08:00:00+00:00,622:CO:SNTL,POINT Z (-108.05756 39.05738 10168),2.7,in,14.0,degF,16.0,in,0.1,in,NRCS
2020-12-15 08:00:00+00:00,622:CO:SNTL,POINT Z (-108.05756 39.05738 10168),2.8,in,8.06,degF,17.0,in,0.0,in,NRCS
2020-12-16 08:00:00+00:00,622:CO:SNTL,POINT Z (-108.05756 39.05738 10168),2.8,in,11.66,degF,16.0,in,0.0,in,NRCS
2020-12-17 08:00:00+00:00,622:CO:SNTL,POINT Z (-108.05756 39.05738 10168),2.8,in,20.84,degF,16.0,in,0.2,in,NRCS
2020-12-18 08:00:00+00:00,622:CO:SNTL,POINT Z (-108.05756 39.05738 10168),3.0,in,14.36,degF,21.0,in,0.0,in,NRCS
2020-12-19 08:00:00+00:00,622:CO:SNTL,POINT Z (-108.05756 39.05738 10168),3.0,in,13.64,degF,20.0,in,0.0,in,NRCS
2020-12-20 08:00:00+00:00,622:CO:SNTL,POINT Z (-108.05756 39.05738 10168),3.0,in,19.94,degF,16.0,in,0.2,in,NRCS
2020-12-21 08:00:00+00:00,622:CO:SNTL,POINT Z (-108.05756 39.05738 10168),3.2,in,26.96,degF,15.0,in,0.0,in,NRCS
2020-12-22 08:00:00+00:00,622:CO:SNTL,POINT Z (-108.05756 39.05738 10168),3.2,in,22.1,degF,15.0,in,0.0,in,NRCS
2020-12-23 08:00:00+00:00,622:CO:SNTL,POINT Z (-108.05756 39.05738 10168),3.2,in,1.22,degF,15.0,in,0.0,in,NRCS
2020-12-24 08:00:00+00:00,622:CO:SNTL,POINT Z (-108.05756 39.05738 10168),3.2,in,11.3,degF,14.0,in,0.0,in,NRCS
2020-12-25 08:00:00+00:00,622:CO:SNTL,POINT Z (-108.05756 39.05738 10168),3.2,in,23.9,degF,14.0,in,0.1,in,NRCS
2020-12-26 08:00:00+00:00,622:CO:SNTL,POINT Z (-108.05756 39.05738 10168),3.3,in,25.52,degF,15.0,in,0.0,in,NRCS
2020-12-27 08:00:00+00:00,622:CO:SNTL,POINT Z (-108.05756 39.05738 10168),3.3,in,15.26,degF,15.0,in,0.0,in,NRCS
2020-12-28 08:00:00+00:00,622:CO:SNTL,POINT Z (-108.05756 39.05738 10168),3.3,in,20.66,degF,15.0,in,0.3,in,NRCS
2020-12-29 08:00:00+00:00,622:CO:SNTL,POINT Z (-108.05756 39.05738 10168),3.6,in,10.4,degF,20.0,in,0.0,in,NRCS
2020-12-30 08:00:00+00:00,622:CO:SNTL,POINT Z (-108.05756 39.05738 10168),3.6,in,10.22,degF,18.0,in,0.0,in,NRCS
2020-12-31 08:00:00+00:00,622:CO:SNTL,POINT Z (-108.05756 39.05738 10168),3.6,in,16.34,degF,18.0,in,0.0,in,NRCS
2021-01-01 08:00:00+00:00,622:CO:SNTL,POINT Z (-108.05756 39.05738 10168),3.6,in,14.54,degF,17.0,in,0.0,in,NRCS
2021-01-02 08:00:00+00:00,622:CO:SNTL,POINT Z (-108.05756 39.05738 10168),3.6,in,14.18,degF,17.0,in,0.0,in,NRCS
2021-01-03 08:00:00+00:00,622:CO:SNTL,POINT Z (-108.05756 39.05738 10168),3.6,in,18.68,degF,17.0,in,0.1,in,NRCS
2021-01-04 08:00:00+00:00,622:CO:SNTL,POINT Z (-108.05756 39.05738 10168),3.7,in,24.08,degF,17.0,in,0.0,in,NRCS
2021-01-05 08:00:00+00:00,622:CO:SNTL,POINT Z (-108.05756 39.05738 10168),3.7,in,17.78,degF,17.0,in,0.0,in,NRCS
2021-01-06 08:00:00+00:00,622:CO:SNTL,POINT Z (-108.05756 39.05738 10168),3.7,in,15.26,degF,17.0,in,0.0,in,NRCS
2021-01-07 08:00:00+00:00,622:CO:SNTL,POINT Z (-108.05756 39.05738 10168),3.7,in,20.48,degF,17.0,in,0.0,in,NRCS
2021-01-08 08:00:00+00:00,622:CO:SNTL,POINT Z (-108.05756 39.05738 10168),3.7,in,17.78,degF,17.0,in,0.0,in,NRCS
2021-01-09 08:00:00+00:00,622:CO:SNTL,POINT Z (-108.05756 39.05738 10168),3.7,in,15.08,degF,17.0,in,0.0,in,NRCS
2021-01-10 08:00:00+00:00,622:CO:SNTL,POINT Z (-108.05756 39.05738 10168),3.7,in,9.14,degF,17.0,in,0.0,in,NRCS
2021-01-11 08:00:00+00:00,622:CO:SNTL,POINT Z (-108.05756 39.05738 10168),3.7,in,13.28,degF,17.0,in,0.0,in,NRCS
2021-01-12 08:00:00+00:00,622:CO:SNTL,POINT Z (-108.05756 39.05738 10168),3.7,in,21.56,degF,16.0,in,0.0,in,NRCS
2021-01-13 08:00:00+00:00,622:CO:SNTL,POINT Z (-108.05756 39.05738 10168),3.7,in,26.24,degF,16.0,in,0.0,in,NRCS
2021-01-14 08:00:00+00:00,622:CO:SNTL,POINT Z (-108.05756 39.05738 10168),3.7,in,14.18,degF,16.0,in,0.0,in,NRCS
2021-01-15 08:00:00+00:00,622:CO:SNTL,POINT Z (-108.05756 39.05738 10168),3.7,in,19.58,degF,16.0,in,0.0,in,NRCS
2021-01-16 08:00:00+00:00,622:CO:SNTL,POINT Z (-108.05756 39.05738 10168),3.7,in,20.84,degF,16.0,in,0.0,in,NRCS
2021-01-17 08:00:00+00:00,622:CO:SNTL,POINT Z (-108.05756 39.05738 10168),3.7,in,25.16,degF,16.0,in,0.0,in,NRCS
2021-01-18 08:00:00+00:00,622:CO:SNTL,POINT Z (-108.05756 39.05738 10168),3.7,in,17.78,degF,16.0,in,0.0,in,NRCS
2021-01-19 08:00:00+00:00,622:CO:SNTL,POINT Z (-108.05756 39.05738 10168),3.7,in,17.6,degF,16.0,in,0.0,in,NRCS
2021-01-20 08:00:00+00:00,622:CO:SNTL,POINT Z (-108.05756 39.05738 10168),3.7,in,23.9,degF,16.0,in,0.1,in,NRCS
2021-01-21 08:00:00+00:00,622:CO:SNTL,POINT Z (-108.05756 39.05738 10168),3.8,in,22.1,degF,16.0,in,0.0,in,NRCS
2021-01-22 08:00:00+00:00,622:CO:SNTL,POINT Z (-108.05756 39.05738 10168),3.8,in,23.36,degF,16.0,in,0.2,in,NRCS
2021-01-23 08:00:00+00:00,622:CO:SNTL,POINT Z (-108.05756 39.05738 10168),4.0,in,19.04,degF,18.0,in,0.2,in,NRCS
2021-01-24 08:00:00+00:00,622:CO:SNTL,POINT Z (-108.05756 39.05738 10168),4.2,in,17.06,degF,20.0,in,0.3,in,NRCS
2021-01-25 08:00:00+00:00,622:CO:SNTL,POINT Z (-108.05756 39.05738 10168),4.5,in,12.56,degF,23.0,in,0.2,in,NRCS
2021-01-26 08:00:00+00:00,622:CO:SNTL,POINT Z (-108.05756 39.05738 10168),4.7,in,8.06,degF,24.0,in,0.1,in,NRCS
2021-01-27 08:00:00+00:00,622:CO:SNTL,POINT Z (-108.05756 39.05738 10168),4.8,in,12.74,degF,25.0,in,0.1,in,NRCS
2021-01-28 08:00:00+00:00,622:CO:SNTL,POINT Z (-108.05756 39.05738 10168),4.9,in,27.5,degF,26.0,in,0.1,in,NRCS
2021-01-29 08:00:00+00:00,622:CO:SNTL,POINT Z (-108.05756 39.05738 10168),5.0,in,25.52,degF,26.0,in,0.1,in,NRCS
2021-01-30 08:00:00+00:00,622:CO:SNTL,POINT Z (-108.05756 39.05738 10168),5.1,in,16.7,degF,27.0,in,0.2,in,NRCS
2021-01-31 08:00:00+00:00,622:CO:SNTL,POINT Z (-108.05756 39.05738 10168),5.3,in,18.86,degF,27.0,in,0.1,in,NRCS
2021-02-01 08:00:00+00:00,622:CO:SNTL,POINT Z (-108.05756 39.05738 10168),5.4,in,29.48,degF,28.0,in,0.0,in,NRCS
2021-02-02 08:00:00+00:00,622:CO:SNTL,POINT Z (-108.05756 39.05738 10168),5.4,in,31.28,degF,27.0,in,0.1,in,NRCS
2021-02-03 08:00:00+00:00,622:CO:SNTL,POINT Z (-108.05756 39.05738 10168),5.5,in,26.42,degF,30.0,in,0.6,in,NRCS
2021-02-04 08:00:00+00:00,622:CO:SNTL,POINT Z (-108.05756 39.05738 10168),6.1,in,9.5,degF,31.0,in,0.1,in,NRCS
2021-02-05 08:00:00+00:00,622:CO:SNTL,POINT Z (-108.05756 39.05738 10168),6.2,in,12.02,degF,30.0,in,0.1,in,NRCS
2021-02-06 08:00:00+00:00,622:CO:SNTL,POINT Z (-108.05756 39.05738 10168),6.3,in,15.8,degF,31.0,in,0.0,in,NRCS
2021-02-07 08:00:00+00:00,622:CO:SNTL,POINT Z (-108.05756 39.05738 10168),6.3,in,20.84,degF,30.0,in,0.0,in,NRCS
2021-02-08 08:00:00+00:00,622:CO:SNTL,POINT Z (-108.05756 39.05738 10168),6.3,in,25.34,degF,30.0,in,0.1,in,NRCS
2021-02-09 08:00:00+00:00,622:CO:SNTL,POINT Z (-108.05756 39.05738 10168),6.4,in,24.98,degF,32.0,in,0.1,in,NRCS
2021-02-10 08:00:00+00:00,622:CO:SNTL,POINT Z (-108.05756 39.05738 10168),6.5,in,21.56,degF,33.0,in,0.0,in,NRCS
2021-02-11 08:00:00+00:00,622:CO:SNTL,POINT Z (-108.05756 39.05738 10168),6.5,in,24.62,degF,32.0,in,0.1,in,NRCS
2021-02-12 08:00:00+00:00,622:CO:SNTL,POINT Z (-108.05756 39.05738 10168),6.6,in,24.62,degF,33.0,in,0.5,in,NRCS
2021-02-13 08:00:00+00:00,622:CO:SNTL,POINT Z (-108.05756 39.05738 10168),7.1,in,21.56,degF,36.0,in,0.6,in,NRCS
2021-02-14 08:00:00+00:00,622:CO:SNTL,POINT Z (-108.05756 39.05738 10168),7.7,in,13.46,degF,36.0,in,0.1,in,NRCS
2021-02-15 08:00:00+00:00,622:CO:SNTL,POINT Z (-108.05756 39.05738 10168),7.7,in,10.22,degF,39.0,in,0.2,in,NRCS
2021-02-16 08:00:00+00:00,622:CO:SNTL,POINT Z (-108.05756 39.05738 10168),7.8,in,14.0,degF,42.0,in,0.3,in,NRCS
2021-02-17 08:00:00+00:00,622:CO:SNTL,POINT Z (-108.05756 39.05738 10168),8.1,in,9.5,degF,45.0,in,0.5,in,NRCS
2021-02-18 08:00:00+00:00,622:CO:SNTL,POINT Z (-108.05756 39.05738 10168),8.5,in,4.46,degF,45.0,in,0.0,in,NRCS
2021-02-19 08:00:00+00:00,622:CO:SNTL,POINT Z (-108.05756 39.05738 10168),8.5,in,17.6,degF,43.0,in,0.2,in,NRCS
2021-02-20 08:00:00+00:00,622:CO:SNTL,POINT Z (-108.05756 39.05738 10168),8.7,in,19.76,degF,42.0,in,0.2,in,NRCS
2021-02-21 08:00:00+00:00,622:CO:SNTL,POINT Z (-108.05756 39.05738 10168),8.9,in,9.86,degF,42.0,in,0.0,in,NRCS
2021-02-22 08:00:00+00:00,622:CO:SNTL,POINT Z (-108.05756 39.05738 10168),8.9,in,20.12,degF,42.0,in,0.1,in,NRCS
2021-02-23 08:00:00+00:00,622:CO:SNTL,POINT Z (-108.05756 39.05738 10168),9.0,in,24.98,degF,42.0,in,0.0,in,NRCS
2021-02-24 08:00:00+00:00,622:CO:SNTL,POINT Z (-108.05756 39.05738 10168),9.0,in,17.24,degF,39.0,in,0.0,in,NRCS
2021-02-25 08:00:00+00:00,622:CO:SNTL,POINT Z (-108.05756 39.05738 10168),9.0,in,14.36,degF,37.0,in,0.0,in,NRCS
2021-02-26 08:00:00+00:00,622:CO:SNTL,POINT Z (-108.05756 39.05738 10168),9.0,in,17.42,degF,37.0,in,0.1,in,NRCS
2021-02-27 08:00:00+00:00,622:CO:SNTL,POINT Z (-108.05756 39.05738 10168),9.1,in,8.6,degF,38.0,in,0.0,in,NRCS
2021-02-28 08:00:00+00:00,622:CO:SNTL,POINT Z (-108.05756 39.05738 10168),9.1,in,3.02,degF,38.0,in,0.0,in,NRCS
2021-03-01 08:00:00+00:00,622:CO:SNTL,POINT Z (-108.05756 39.05738 10168),9.1,in,19.76,degF,38.0,in,0.1,in,NRCS
2021-03-02 08:00:00+00:00,622:CO:SNTL,POINT Z (-108.05756 39.05738 10168),9.1,in,25.16,degF,36.0,in,0.0,in,NRCS
2021-03-03 08:00:00+00:00,622:CO:SNTL,POINT Z (-108.05756 39.05738 10168),9.1,in,29.66,degF,37.0,in,0.0,in,NRCS
2021-03-04 08:00:00+00:00,622:CO:SNTL,POINT Z (-108.05756 39.05738 10168),9.1,in,24.08,degF,36.0,in,0.1,in,NRCS
2021-03-05 08:00:00+00:00,622:CO:SNTL,POINT Z (-108.05756 39.05738 10168),9.2,in,26.96,degF,40.0,in,0.2,in,NRCS
2021-03-06 08:00:00+00:00,622:CO:SNTL,POINT Z (-108.05756 39.05738 10168),9.4,in,32.18,degF,36.0,in,0.1,in,NRCS
2021-03-07 08:00:00+00:00,622:CO:SNTL,POINT Z (-108.05756 39.05738 10168),9.4,in,34.7,degF,37.0,in,0.0,in,NRCS
2021-03-08 08:00:00+00:00,622:CO:SNTL,POINT Z (-108.05756 39.05738 10168),9.4,in,33.08,degF,35.0,in,0.0,in,NRCS
2021-03-09 08:00:00+00:00,622:CO:SNTL,POINT Z (-108.05756 39.05738 10168),9.4,in,30.56,degF,35.0,in,0.3,in,NRCS
2021-03-10 08:00:00+00:00,622:CO:SNTL,POINT Z (-108.05756 39.05738 10168),9.7,in,17.96,degF,36.0,in,0.1,in,NRCS
2021-03-11 08:00:00+00:00,622:CO:SNTL,POINT Z (-108.05756 39.05738 10168),9.8,in,18.32,degF,36.0,in,0.4,in,NRCS
2021-03-12 08:00:00+00:00,622:CO:SNTL,POINT Z (-108.05756 39.05738 10168),10.1,in,23.72,degF,37.0,in,0.2,in,NRCS
2021-03-13 08:00:00+00:00,622:CO:SNTL,POINT Z (-108.05756 39.05738 10168),10.3,in,21.2,degF,42.0,in,0.4,in,NRCS
2021-03-14 08:00:00+00:00,622:CO:SNTL,POINT Z (-108.05756 39.05738 10168),10.7,in,17.24,degF,45.0,in,0.6,in,NRCS
2021-03-15 08:00:00+00:00,622:CO:SNTL,POINT Z (-108.05756 39.05738 10168),11.3,in,24.44,degF,46.0,in,0.2,in,NRCS
2021-03-16 08:00:00+00:00,622:CO:SNTL,POINT Z (-108.05756 39.05738 10168),11.4,in,21.74,degF,49.0,in,0.3,in,NRCS
2021-03-17 08:00:00+00:00,622:CO:SNTL,POINT Z (-108.05756 39.05738 10168),11.6,in,18.86,degF,49.0,in,0.0,in,NRCS
2021-03-18 08:00:00+00:00,622:CO:SNTL,POINT Z (-108.05756 39.05738 10168),11.6,in,25.52,degF,49.0,in,0.1,in,NRCS
2021-03-19 08:00:00+00:00,622:CO:SNTL,POINT Z (-108.05756 39.05738 10168),11.7,in,33.08,degF,47.0,in,0.1,in,NRCS
2021-03-20 08:00:00+00:00,622:CO:SNTL,POINT Z (-108.05756 39.05738 10168),11.8,in,34.16,degF,45.0,in,0.1,in,NRCS
2021-03-21 08:00:00+00:00,622:CO:SNTL,POINT Z (-108.05756 39.05738 10168),11.9,in,23.0,degF,45.0,in,0.2,in,NRCS
2021-03-22 08:00:00+00:00,622:CO:SNTL,POINT Z (-108.05756 39.05738 10168),12.1,in,19.76,degF,45.0,in,0.0,in,NRCS
2021-03-23 08:00:00+00:00,622:CO:SNTL,POINT Z (-108.05756 39.05738 10168),12.1,in,17.96,degF,45.0,in,0.4,in,NRCS
2021-03-24 08:00:00+00:00,622:CO:SNTL,POINT Z (-108.05756 39.05738 10168),12.4,in,18.86,degF,47.0,in,0.1,in,NRCS
2021-03-25 08:00:00+00:00,622:CO:SNTL,POINT Z (-108.05756 39.05738 10168),12.5,in,19.22,degF,47.0,in,0.5,in,NRCS
2021-03-26 08:00:00+00:00,622:CO:SNTL,POINT Z (-108.05756 39.05738 10168),12.8,in,20.66,degF,48.0,in,0.4,in,NRCS
2021-03-27 08:00:00+00:00,622:CO:SNTL,POINT Z (-108.05756 39.05738 10168),13.0,in,21.38,degF,50.0,in,0.1,in,NRCS
2021-03-28 08:00:00+00:00,622:CO:SNTL,POINT Z (-108.05756 39.05738 10168),13.1,in,28.04,degF,53.0,in,0.3,in,NRCS
2021-03-29 08:00:00+00:00,622:CO:SNTL,POINT Z (-108.05756 39.05738 10168),13.4,in,31.82,degF,50.0,in,0.0,in,NRCS
2021-03-30 08:00:00+00:00,622:CO:SNTL,POINT Z (-108.05756 39.05738 10168),13.4,in,15.62,degF,47.0,in,0.0,in,NRCS
2021-03-31 08:00:00+00:00,622:CO:SNTL,POINT Z (-108.05756 39.05738 10168),13.4,in,21.56,degF,47.0,in,0.0,in,NRCS
2021-04-01 08:00:00+00:00,622:CO:SNTL,POINT Z (-108.05756 39.05738 10168),13.0,in,35.6,degF,46.0,in,0.0,in,NRCS
2021-04-02 08:00:00+00:00,622:CO:SNTL,POINT Z (-108.05756 39.05738 10168),12.9,in,39.92,degF,45.0,in,0.0,in,NRCS
2021-04-03 08:00:00+00:00,622:CO:SNTL,POINT Z (-108.05756 39.05738 10168),12.6,in,39.2,degF,42.0,in,0.0,in,NRCS
2021-04-04 08:00:00+00:00,622:CO:SNTL,POINT Z (-108.05756 39.05738 10168),12.5,in,42.98,degF,40.0,in,0.0,in,NRCS
2021-04-05 08:00:00+00:00,622:CO:SNTL,POINT Z (-108.05756 39.05738 10168),12.4,in,43.88,degF,38.0,in,0.0,in,NRCS
2021-04-06 08:00:00+00:00,622:CO:SNTL,POINT Z (-108.05756 39.05738 10168),12.0,in,26.42,degF,37.0,in,0.0,in,NRCS
2021-04-07 08:00:00+00:00,622:CO:SNTL,POINT Z (-108.05756 39.05738 10168),11.8,in,29.84,degF,37.0,in,0.0,in,NRCS
2021-04-08 08:00:00+00:00,622:CO:SNTL,POINT Z (-108.05756 39.05738 10168),11.7,in,36.32,degF,35.0,in,0.0,in,NRCS
2021-04-09 08:00:00+00:00,622:CO:SNTL,POINT Z (-108.05756 39.05738 10168),11.5,in,28.22,degF,34.0,in,0.1,in,NRCS
2021-04-10 08:00:00+00:00,622:CO:SNTL,POINT Z (-108.05756 39.05738 10168),11.6,in,33.44,degF,33.0,in,0.0,in,NRCS
2021-04-11 08:00:00+00:00,622:CO:SNTL,POINT Z (-108.05756 39.05738 10168),11.5,in,35.24,degF,32.0,in,0.0,in,NRCS
2021-04-12 08:00:00+00:00,622:CO:SNTL,POINT Z (-108.05756 39.05738 10168),11.3,in,33.26,degF,30.0,in,0.0,in,NRCS
2021-04-13 08:00:00+00:00,622:CO:SNTL,POINT Z (-108.05756 39.05738 10168),10.8,in,34.34,degF,30.0,in,0.0,in,NRCS
2021-04-14 08:00:00+00:00,622:CO:SNTL,POINT Z (-108.05756 39.05738 10168),10.6,in,37.04,degF,29.0,in,0.0,in,NRCS
2021-04-15 08:00:00+00:00,622:CO:SNTL,POINT Z (-108.05756 39.05738 10168),10.5,in,25.34,degF,29.0,in,0.2,in,NRCS
2021-04-16 08:00:00+00:00,622:CO:SNTL,POINT Z (-108.05756 39.05738 10168),10.7,in,19.94,degF,32.0,in,0.2,in,NRCS
2021-04-17 08:00:00+00:00,622:CO:SNTL,POINT Z (-108.05756 39.05738 10168),10.9,in,20.3,degF,34.0,in,0.0,in,NRCS
2021-04-18 08:00:00+00:00,622:CO:SNTL,POINT Z (-108.05756 39.05738 10168),10.9,in,25.16,degF,33.0,in,0.0,in,NRCS
2021-04-19 08:00:00+00:00,622:CO:SNTL,POINT Z (-108.05756 39.05738 10168),10.9,in,29.84,degF,33.0,in,0.0,in,NRCS
2021-04-20 08:00:00+00:00,622:CO:SNTL,POINT Z (-108.05756 39.05738 10168),10.9,in,21.2,degF,32.0,in,0.0,in,NRCS
2021-04-21 08:00:00+00:00,622:CO:SNTL,POINT Z (-108.05756 39.05738 10168),10.7,in,33.26,degF,29.0,in,0.0,in,NRCS
2021-04-22 08:00:00+00:00,622:CO:SNTL,POINT Z (-108.05756 39.05738 10168),10.5,in,30.56,degF,28.0,in,0.0,in,NRCS
2021-04-23 08:00:00+00:00,622:CO:SNTL,POINT Z (-108.05756 39.05738 10168),10.4,in,30.74,degF,27.0,in,0.0,in,NRCS
2021-04-24 08:00:00+00:00,622:CO:SNTL,POINT Z (-108.05756 39.05738 10168),10.1,in,37.22,degF,26.0,in,0.0,in,NRCS
2021-04-25 08:00:00+00:00,622:CO:SNTL,POINT Z (-108.05756 39.05738 10168),9.4,in,41.72,degF,23.0,in,0.0,in,NRCS
2021-04-26 08:00:00+00:00,622:CO:SNTL,POINT Z (-108.05756 39.05738 10168),8.8,in,36.68,degF,21.0,in,0.0,in,NRCS
2021-04-27 08:00:00+00:00,622:CO:SNTL,POINT Z (-108.05756 39.05738 10168),8.7,in,28.76,degF,22.0,in,0.1,in,NRCS
2021-04-28 08:00:00+00:00,622:CO:SNTL,POINT Z (-108.05756 39.05738 10168),8.8,in,32.36,degF,24.0,in,0.2,in,NRCS
2021-04-29 08:00:00+00:00,622:CO:SNTL,POINT Z (-108.05756 39.05738 10168),8.7,in,40.64,degF,22.0,in,0.0,in,NRCS
2021-04-30 08:00:00+00:00,622:CO:SNTL,POINT Z (-108.05756 39.05738 10168),8.1,in,45.86,degF,19.0,in,0.0,in,NRCS
2021-05-01 08:00:00+00:00,622:CO:SNTL,POINT Z (-108.05756 39.05738 10168),7.2,in,48.2,degF,18.0,in,0.0,in,NRCS
2021-05-02 08:00:00+00:00,622:CO:SNTL,POINT Z (-108.05756 39.05738 10168),6.5,in,38.84,degF,16.0,in,0.0,in,NRCS
2021-05-03 08:00:00+00:00,622:CO:SNTL,POINT Z (-108.05756 39.05738 10168),6.1,in,30.02,degF,15.0,in,1.5,in,NRCS
2021-05-04 08:00:00+00:00,622:CO:SNTL,POINT Z (-108.05756 39.05738 10168),7.4,in,30.74,degF,28.0,in,0.6,in,NRCS
2021-05-05 08:00:00+00:00,622:CO:SNTL,POINT Z (-108.05756 39.05738 10168),7.4,in,36.68,degF,23.0,in,0.0,in,NRCS
2021-05-06 08:00:00+00:00,622:CO:SNTL,POINT Z (-108.05756 39.05738 10168),7.0,in,43.52,degF,18.0,in,0.0,in,NRCS
2021-05-07 08:00:00+00:00,622:CO:SNTL,POINT Z (-108.05756 39.05738 10168),6.4,in,49.28,degF,15.0,in,0.0,in,NRCS
2021-05-08 08:00:00+00:00,622:CO:SNTL,POINT Z (-108.05756 39.05738 10168),5.7,in,38.84,degF,13.0,in,0.0,in,NRCS
2021-05-09 08:00:00+00:00,622:CO:SNTL,POINT Z (-108.05756 39.05738 10168),4.8,in,32.72,degF,11.0,in,0.0,in,NRCS
2021-05-10 08:00:00+00:00,622:CO:SNTL,POINT Z (-108.05756 39.05738 10168),4.4,in,29.84,degF,10.0,in,0.1,in,NRCS
2021-05-11 08:00:00+00:00,622:CO:SNTL,POINT Z (-108.05756 39.05738 10168),4.5,in,29.66,degF,9.0,in,0.0,in,NRCS
2021-05-12 08:00:00+00:00,622:CO:SNTL,POINT Z (-108.05756 39.05738 10168),4.3,in,35.96,degF,10.0,in,0.5,in,NRCS
2021-05-13 08:00:00+00:00,622:CO:SNTL,POINT Z (-108.05756 39.05738 10168),3.5,in,44.96,degF,7.0,in,0.0,in,NRCS
2021-05-14 08:00:00+00:00,622:CO:SNTL,POINT Z (-108.05756 39.05738 10168),2.5,in,46.76,degF,4.0,in,0.0,in,NRCS
2021-05-15 08:00:00+00:00,622:CO:SNTL,POINT Z (-108.05756 39.05738 10168),1.5,in,48.56,degF,0.0,in,0.0,in,NRCS
2021-05-16 08:00:00+00:00,622:CO:SNTL,POINT Z (-108.05756 39.05738 10168),0.7,in,47.84,degF,0.0,in,0.0,in,NRCS
2021-05-17 08:00:00+00:00,622:CO:SNTL,POINT Z (-108.05756 39.05738 10168),0.1,in,39.2,degF,0.0,in,0.0,in,NRCS
2021-05-18 08:00:00+00:00,622:CO:SNTL,POINT Z (-108.05756 39.05738 10168),0.1,in,41.9,degF,0.0,in,0.0,in,NRCS
2021-05-19 08:00:00+00:00,622:CO:SNTL,POINT Z (-108.05756 39.05738 10168),0.1,in,47.48,degF,0.0,in,0.2,in,NRCS
2021-05-20 08:00:00+00:00,622:CO:SNTL,POINT Z (-108.05756 39.05738 10168),0.0,in,49.28,degF,0.0,in,0.0,in,NRCS
2021-05-21 08:00:00+00:00,622:CO:SNTL,POINT Z (-108.05756 39.05738 10168),0.0,in,38.66,degF,0.0,in,0.3,in,NRCS
2021-05-22 08:00:00+00:00,622:CO:SNTL,POINT Z (-108.05756 39.05738 10168),0.0,in,41.72,degF,0.0,in,0.5,in,NRCS
2021-05-23 08:00:00+00:00,622:CO:SNTL,POINT Z (-108.05756 39.05738 10168),0.0,in,35.6,degF,0.0,in,0.0,in,NRCS
2021-05-24 08:00:00+00:00,622:CO:SNTL,POINT Z (-108.05756 39.05738 10168),0.0,in,36.86,degF,0.0,in,0.1,in,NRCS
2021-05-25 08:00:00+00:00,622:CO:SNTL,POINT Z (-108.05756 39.05738 10168),0.0,in,42.44,degF,0.0,in,0.3,in,NRCS
2021-05-26 08:00:00+00:00,622:CO:SNTL,POINT Z (-108.05756 39.05738 10168),0.0,in,45.86,degF,0.0,in,0.0,in,NRCS
2021-05-27 08:00:00+00:00,622:CO:SNTL,POINT Z (-108.05756 39.05738 10168),0.0,in,45.5,degF,0.0,in,0.0,in,NRCS
2021-05-28 08:00:00+00:00,622:CO:SNTL,POINT Z (-108.05756 39.05738 10168),0.0,in,48.38,degF,0.0,in,0.0,in,NRCS
2021-05-29 08:00:00+00:00,622:CO:SNTL,POINT Z (-108.05756 39.05738 10168),0.0,in,49.1,degF,0.0,in,0.0,in,NRCS
2021-05-30 08:00:00+00:00,622:CO:SNTL,POINT Z (-108.05756 39.05738 10168),0.0,in,44.06,degF,0.0,in,0.0,in,NRCS
2021-05-31 08:00:00+00:00,622:CO:SNTL,POINT Z (-108.05756 39.05738 10168),0.0,in,44.42,degF,0.0,in,0.0,in,NRCS
2021-06-01 08:00:00+00:00,622:CO:SNTL,POINT Z (-108.05756 39.05738 10168),0.0,in,47.66,degF,0.0,in,0.0,in,NRCS
2021-06-02 08:00:00+00:00,622:CO:SNTL,POINT Z (-108.05756 39.05738 10168),0.0,in,51.26,degF,0.0,in,0.0,in,NRCS
2021-06-03 08:00:00+00:00,622:CO:SNTL,POINT Z (-108.05756 39.05738 10168),0.0,in,55.04,degF,0.0,in,0.0,in,NRCS
2021-06-04 08:00:00+00:00,622:CO:SNTL,POINT Z (-108.05756 39.05738 10168),0.0,in,59.36,degF,0.0,in,0.0,in,NRCS
2021-06-05 08:00:00+00:00,622:CO:SNTL,POINT Z (-108.05756 39.05738 10168),0.0,in,58.82,degF,0.0,in,0.0,in,NRCS
2021-06-06 08:00:00+00:00,622:CO:SNTL,POINT Z (-108.05756 39.05738 10168),0.0,in,57.92,degF,0.0,in,0.0,in,NRCS
2021-06-07 08:00:00+00:00,622:CO:SNTL,POINT Z (-108.05756 39.05738 10168),0.0,in,58.46,degF,0.0,in,0.0,in,NRCS
2021-06-08 08:00:00+00:00,622:CO:SNTL,POINT Z (-108.05756 39.05738 10168),0.0,in,55.04,degF,0.0,in,0.0,in,NRCS
2021-06-09 08:00:00+00:00,622:CO:SNTL,POINT Z (-108.05756 39.05738 10168),0.0,in,58.82,degF,0.0,in,0.0,in,NRCS
2021-06-10 08:00:00+00:00,622:CO:SNTL,POINT Z (-108.05756 39.05738 10168),0.0,in,56.12,degF,0.0,in,0.0,in,NRCS
2021-06-11 08:00:00+00:00,622:CO:SNTL,POINT Z (-108.05756 39.05738 10168),0.0,in,54.32,degF,0.0,in,0.0,in,NRCS
2021-06-12 08:00:00+00:00,622:CO:SNTL,POINT Z (-108.05756 39.05738 10168),0.0,in,59.54,degF,0.0,in,0.0,in,NRCS
2021-06-13 08:00:00+00:00,622:CO:SNTL,POINT Z (-108.05756 39.05738 10168),0.0,in,62.24,degF,0.0,in,0.0,in,NRCS
2021-06-14 08:00:00+00:00,622:CO:SNTL,POINT Z (-108.05756 39.05738 10168),0.0,in,62.96,degF,0.0,in,0.0,in,NRCS
2021-06-15 08:00:00+00:00,622:CO:SNTL,POINT Z (-108.05756 39.05738 10168),0.0,in,64.22,degF,0.0,in,0.0,in,NRCS
2021-06-16 08:00:00+00:00,622:CO:SNTL,POINT Z (-108.05756 39.05738 10168),0.0,in,65.66,degF,0.0,in,0.0,in,NRCS
2021-06-17 08:00:00+00:00,622:CO:SNTL,POINT Z (-108.05756 39.05738 10168),0.0,in,66.56,degF,0.0,in,0.0,in,NRCS
2021-06-18 08:00:00+00:00,622:CO:SNTL,POINT Z (-108.05756 39.05738 10168),0.0,in,62.6,degF,0.0,in,0.0,in,NRCS
2021-06-19 08:00:00+00:00,622:CO:SNTL,POINT Z (-108.05756 39.05738 10168),0.0,in,57.92,degF,0.0,in,0.0,in,NRCS
2021-06-20 08:00:00+00:00,622:CO:SNTL,POINT Z (-108.05756 39.05738 10168),0.0,in,60.98,degF,0.0,in,0.0,in,NRCS
2021-06-21 08:00:00+00:00,622:CO:SNTL,POINT Z (-108.05756 39.05738 10168),0.0,in,57.56,degF,0.0,in,0.0,in,NRCS
2021-06-22 08:00:00+00:00,622:CO:SNTL,POINT Z (-108.05756 39.05738 10168),0.0,in,62.24,degF,0.0,in,0.0,in,NRCS
2021-06-23 08:00:00+00:00,622:CO:SNTL,POINT Z (-108.05756 39.05738 10168),0.0,in,55.04,degF,0.0,in,0.0,in,NRCS
2021-06-24 08:00:00+00:00,622:CO:SNTL,POINT Z (-108.05756 39.05738 10168),0.0,in,48.2,degF,0.0,in,0.0,in,NRCS
2021-06-25 08:00:00+00:00,622:CO:SNTL,POINT Z (-108.05756 39.05738 10168),0.0,in,46.04,degF,0.0,in,0.0,in,NRCS
2021-06-26 08:00:00+00:00,622:CO:SNTL,POINT Z (-108.05756 39.05738 10168),0.0,in,44.96,degF,0.0,in,0.0,in,NRCS
2021-06-27 08:00:00+00:00,622:CO:SNTL,POINT Z (-108.05756 39.05738 10168),0.0,in,47.3,degF,0.0,in,0.0,in,NRCS
2021-06-28 08:00:00+00:00,622:CO:SNTL,POINT Z (-108.05756 39.05738 10168),0.0,in,49.46,degF,0.0,in,0.0,in,NRCS
2021-06-29 08:00:00+00:00,622:CO:SNTL,POINT Z (-108.05756 39.05738 10168),0.0,in,49.28,degF,0.0,in,0.0,in,NRCS
2021-06-30 08:00:00+00:00,622:CO:SNTL,POINT Z (-108.05756 39.05738 10168),0.0,in,50.0,degF,0.0,in,0.0,in,NRCS
2021-07-01 08:00:00+00:00,622:CO:SNTL,POINT Z (-108.05756 39.05738 10168),0.0,in,52.52,degF,0.0,in,0.0,in,NRCS
2021-07-02 08:00:00+00:00,622:CO:SNTL,POINT Z (-108.05756 39.05738 10168),0.0,in,57.74,degF,0.0,in,0.0,in,NRCS
2021-07-03 08:00:00+00:00,622:CO:SNTL,POINT Z (-108.05756 39.05738 10168),0.0,in,60.08,degF,0.0,in,0.0,in,NRCS
2021-07-04 08:00:00+00:00,622:CO:SNTL,POINT Z (-108.05756 39.05738 10168),0.0,in,62.96,degF,0.0,in,0.0,in,NRCS
2021-07-05 08:00:00+00:00,622:CO:SNTL,POINT Z (-108.05756 39.05738 10168),0.0,in,61.52,degF,0.0,in,0.0,in,NRCS
2021-07-06 08:00:00+00:00,622:CO:SNTL,POINT Z (-108.05756 39.05738 10168),0.0,in,59.9,degF,0.0,in,0.0,in,NRCS
2021-07-07 08:00:00+00:00,622:CO:SNTL,POINT Z (-108.05756 39.05738 10168),0.0,in,62.6,degF,0.0,in,0.0,in,NRCS
2021-07-08 08:00:00+00:00,622:CO:SNTL,POINT Z (-108.05756 39.05738 10168),0.0,in,66.2,degF,0.0,in,0.0,in,NRCS
2021-07-09 08:00:00+00:00,622:CO:SNTL,POINT Z (-108.05756 39.05738 10168),0.0,in,68.9,degF,0.0,in,0.0,in,NRCS
2021-07-10 08:00:00+00:00,622:CO:SNTL,POINT Z (-108.05756 39.05738 10168),0.0,in,62.78,degF,0.0,in,0.0,in,NRCS
2021-07-11 08:00:00+00:00,622:CO:SNTL,POINT Z (-108.05756 39.05738 10168),0.0,in,60.98,degF,0.0,in,0.0,in,NRCS
2021-07-12 08:00:00+00:00,622:CO:SNTL,POINT Z (-108.05756 39.05738 10168),0.0,in,63.86,degF,0.0,in,0.0,in,NRCS
2021-07-13 08:00:00+00:00,622:CO:SNTL,POINT Z (-108.05756 39.05738 10168),0.0,in,59.9,degF,0.0,in,0.0,in,NRCS
2021-07-14 08:00:00+00:00,622:CO:SNTL,POINT Z (-108.05756 39.05738 10168),0.0,in,52.52,degF,0.0,in,0.0,in,NRCS
2021-07-15 08:00:00+00:00,622:CO:SNTL,POINT Z (-108.05756 39.05738 10168),0.0,in,57.38,degF,0.0,in,0.0,in,NRCS
2021-07-16 08:00:00+00:00,622:CO:SNTL,POINT Z (-108.05756 39.05738 10168),0.0,in,55.94,degF,0.0,in,0.0,in,NRCS
2021-07-17 08:00:00+00:00,622:CO:SNTL,POINT Z (-108.05756 39.05738 10168),0.0,in,58.82,degF,0.0,in,0.0,in,NRCS
2021-07-18 08:00:00+00:00,622:CO:SNTL,POINT Z (-108.05756 39.05738 10168),0.0,in,63.32,degF,0.0,in,0.0,in,NRCS
2021-07-19 08:00:00+00:00,622:CO:SNTL,POINT Z (-108.05756 39.05738 10168),0.0,in,58.46,degF,0.0,in,0.8,in,NRCS
2021-07-20 08:00:00+00:00,622:CO:SNTL,POINT Z (-108.05756 39.05738 10168),0.0,in,57.74,degF,0.0,in,0.5,in,NRCS
2021-07-21 08:00:00+00:00,622:CO:SNTL,POINT Z (-108.05756 39.05738 10168),0.0,in,58.46,degF,0.0,in,0.0,in,NRCS
2021-07-22 08:00:00+00:00,622:CO:SNTL,POINT Z (-108.05756 39.05738 10168),0.0,in,58.46,degF,0.0,in,0.1,in,NRCS
2021-07-23 08:00:00+00:00,622:CO:SNTL,POINT Z (-108.05756 39.05738 10168),0.0,in,57.92,degF,0.0,in,0.0,in,NRCS
2021-07-24 08:00:00+00:00,622:CO:SNTL,POINT Z (-108.05756 39.05738 10168),0.0,in,54.32,degF,0.0,in,1.2,in,NRCS
2021-07-25 08:00:00+00:00,622:CO:SNTL,POINT Z (-108.05756 39.05738 10168),0.0,in,55.04,degF,0.0,in,0.7,in,NRCS
2021-07-26 08:00:00+00:00,622:CO:SNTL,POINT Z (-108.05756 39.05738 10168),0.0,in,55.22,degF,0.0,in,0.5,in,NRCS
2021-07-27 08:00:00+00:00,622:CO:SNTL,POINT Z (-108.05756 39.05738 10168),0.0,in,57.02,degF,0.0,in,0.0,in,NRCS
2021-07-28 08:00:00+00:00,622:CO:SNTL,POINT Z (-108.05756 39.05738 10168),0.0,in,56.12,degF,0.0,in,2.0,in,NRCS
2021-07-29 08:00:00+00:00,622:CO:SNTL,POINT Z (-108.05756 39.05738 10168),0.0,in,58.82,degF,0.0,in,0.4,in,NRCS
2021-07-30 08:00:00+00:00,622:CO:SNTL,POINT Z (-108.05756 39.05738 10168),0.0,in,56.84,degF,0.0,in,0.2,in,NRCS
2021-07-31 08:00:00+00:00,622:CO:SNTL,POINT Z (-108.05756 39.05738 10168),0.0,in,53.96,degF,0.0,in,0.1,in,NRCS
2021-08-01 08:00:00+00:00,622:CO:SNTL,POINT Z (-108.05756 39.05738 10168),0.0,in,52.16,degF,0.0,in,0.5,in,NRCS
2021-08-02 08:00:00+00:00,622:CO:SNTL,POINT Z (-108.05756 39.05738 10168),0.0,in,50.9,degF,0.0,in,0.4,in,NRCS
2021-08-03 08:00:00+00:00,622:CO:SNTL,POINT Z (-108.05756 39.05738 10168),0.0,in,52.16,degF,0.0,in,0.0,in,NRCS
2021-08-04 08:00:00+00:00,622:CO:SNTL,POINT Z (-108.05756 39.05738 10168),0.0,in,53.42,degF,0.0,in,0.1,in,NRCS
2021-08-05 08:00:00+00:00,622:CO:SNTL,POINT Z (-108.05756 39.05738 10168),0.0,in,58.46,degF,0.0,in,0.0,in,NRCS
2021-08-06 08:00:00+00:00,622:CO:SNTL,POINT Z (-108.05756 39.05738 10168),0.0,in,60.08,degF,0.0,in,0.0,in,NRCS
2021-08-07 08:00:00+00:00,622:CO:SNTL,POINT Z (-108.05756 39.05738 10168),0.0,in,50.36,degF,0.0,in,0.0,in,NRCS
2021-08-08 08:00:00+00:00,622:CO:SNTL,POINT Z (-108.05756 39.05738 10168),0.0,in,54.68,degF,0.0,in,0.0,in,NRCS
2021-08-09 08:00:00+00:00,622:CO:SNTL,POINT Z (-108.05756 39.05738 10168),0.0,in,58.46,degF,0.0,in,0.0,in,NRCS
2021-08-10 08:00:00+00:00,622:CO:SNTL,POINT Z (-108.05756 39.05738 10168),0.0,in,57.74,degF,0.0,in,0.0,in,NRCS
2021-08-11 08:00:00+00:00,622:CO:SNTL,POINT Z (-108.05756 39.05738 10168),0.0,in,57.74,degF,0.0,in,0.0,in,NRCS
2021-08-12 08:00:00+00:00,622:CO:SNTL,POINT Z (-108.05756 39.05738 10168),0.0,in,60.08,degF,0.0,in,0.0,in,NRCS
2021-08-13 08:00:00+00:00,622:CO:SNTL,POINT Z (-108.05756 39.05738 10168),0.0,in,63.68,degF,0.0,in,0.0,in,NRCS
2021-08-14 08:00:00+00:00,622:CO:SNTL,POINT Z (-108.05756 39.05738 10168),0.0,in,61.7,degF,0.0,in,0.0,in,NRCS
2021-08-15 08:00:00+00:00,622:CO:SNTL,POINT Z (-108.05756 39.05738 10168),0.0,in,60.44,degF,0.0,in,0.0,in,NRCS
2021-08-16 08:00:00+00:00,622:CO:SNTL,POINT Z (-108.05756 39.05738 10168),0.0,in,57.02,degF,0.0,in,0.0,in,NRCS
2021-08-17 08:00:00+00:00,622:CO:SNTL,POINT Z (-108.05756 39.05738 10168),0.0,in,59.36,degF,0.0,in,0.0,in,NRCS
2021-08-18 08:00:00+00:00,622:CO:SNTL,POINT Z (-108.05756 39.05738 10168),0.0,in,50.9,degF,0.0,in,0.7,in,NRCS
2021-08-19 08:00:00+00:00,622:CO:SNTL,POINT Z (-108.05756 39.05738 10168),0.0,in,40.1,degF,0.0,in,1.4,in,NRCS
2021-08-20 08:00:00+00:00,622:CO:SNTL,POINT Z (-108.05756 39.05738 10168),0.0,in,40.64,degF,0.0,in,0.0,in,NRCS
2021-08-21 08:00:00+00:00,622:CO:SNTL,POINT Z (-108.05756 39.05738 10168),0.0,in,49.46,degF,0.0,in,0.1,in,NRCS
2021-08-22 08:00:00+00:00,622:CO:SNTL,POINT Z (-108.05756 39.05738 10168),0.0,in,53.42,degF,0.0,in,0.0,in,NRCS
2021-08-23 08:00:00+00:00,622:CO:SNTL,POINT Z (-108.05756 39.05738 10168),0.0,in,55.58,degF,0.0,in,0.1,in,NRCS
2021-08-24 08:00:00+00:00,622:CO:SNTL,POINT Z (-108.05756 39.05738 10168),0.0,in,55.4,degF,0.0,in,0.0,in,NRCS
2021-08-25 08:00:00+00:00,622:CO:SNTL,POINT Z (-108.05756 39.05738 10168),0.0,in,55.58,degF,0.0,in,0.0,in,NRCS
2021-08-26 08:00:00+00:00,622:CO:SNTL,POINT Z (-108.05756 39.05738 10168),0.0,in,53.6,degF,0.0,in,0.0,in,NRCS
2021-08-27 08:00:00+00:00,622:CO:SNTL,POINT Z (-108.05756 39.05738 10168),0.0,in,56.12,degF,0.0,in,0.0,in,NRCS
2021-08-28 08:00:00+00:00,622:CO:SNTL,POINT Z (-108.05756 39.05738 10168),0.0,in,57.38,degF,0.0,in,0.0,in,NRCS
2021-08-29 08:00:00+00:00,622:CO:SNTL,POINT Z (-108.05756 39.05738 10168),0.0,in,55.58,degF,0.0,in,0.1,in,NRCS
2021-08-30 08:00:00+00:00,622:CO:SNTL,POINT Z (-108.05756 39.05738 10168),0.0,in,55.22,degF,0.0,in,0.0,in,NRCS
2021-08-31 08:00:00+00:00,622:CO:SNTL,POINT Z (-108.05756 39.05738 10168),0.0,in,57.92,degF,0.0,in,0.0,in,NRCS
2021-09-01 08:00:00+00:00,622:CO:SNTL,POINT Z (-108.05756 39.05738 10168),0.0,in,49.28,degF,0.0,in,0.4,in,NRCS
2021-09-02 08:00:00+00:00,622:CO:SNTL,POINT Z (-108.05756 39.05738 10168),0.0,in,49.1,degF,0.0,in,0.0,in,NRCS
2021-09-03 08:00:00+00:00,622:CO:SNTL,POINT Z (-108.05756 39.05738 10168),0.0,in,49.46,degF,0.0,in,0.0,in,NRCS
2021-09-04 08:00:00+00:00,622:CO:SNTL,POINT Z (-108.05756 39.05738 10168),0.0,in,49.82,degF,0.0,in,0.0,in,NRCS
2021-09-05 08:00:00+00:00,622:CO:SNTL,POINT Z (-108.05756 39.05738 10168),0.0,in,51.08,degF,0.0,in,0.0,in,NRCS
2021-09-06 08:00:00+00:00,622:CO:SNTL,POINT Z (-108.05756 39.05738 10168),0.0,in,53.96,degF,0.0,in,0.0,in,NRCS
2021-09-07 08:00:00+00:00,622:CO:SNTL,POINT Z (-108.05756 39.05738 10168),0.0,in,55.76,degF,0.0,in,0.0,in,NRCS
2021-09-08 08:00:00+00:00,622:CO:SNTL,POINT Z (-108.05756 39.05738 10168),0.0,in,55.58,degF,0.0,in,0.0,in,NRCS
2021-09-09 08:00:00+00:00,622:CO:SNTL,POINT Z (-108.05756 39.05738 10168),0.0,in,56.84,degF,0.0,in,0.0,in,NRCS
2021-09-10 08:00:00+00:00,622:CO:SNTL,POINT Z (-108.05756 39.05738 10168),0.0,in,58.82,degF,0.0,in,0.0,in,NRCS
2021-09-11 08:00:00+00:00,622:CO:SNTL,POINT Z (-108.05756 39.05738 10168),0.0,in,56.48,degF,0.0,in,0.0,in,NRCS
2021-09-12 08:00:00+00:00,622:CO:SNTL,POINT Z (-108.05756 39.05738 10168),0.0,in,52.7,degF,0.0,in,0.1,in,NRCS
2021-09-13 08:00:00+00:00,622:CO:SNTL,POINT Z (-108.05756 39.05738 10168),0.0,in,55.4,degF,0.0,in,0.0,in,NRCS
2021-09-14 08:00:00+00:00,622:CO:SNTL,POINT Z (-108.05756 39.05738 10168),0.0,in,53.24,degF,0.0,in,0.0,in,NRCS
2021-09-15 08:00:00+00:00,622:CO:SNTL,POINT Z (-108.05756 39.05738 10168),0.0,in,53.24,degF,0.0,in,0.0,in,NRCS
2021-09-16 08:00:00+00:00,622:CO:SNTL,POINT Z (-108.05756 39.05738 10168),0.0,in,53.06,degF,0.0,in,0.0,in,NRCS
2021-09-17 08:00:00+00:00,622:CO:SNTL,POINT Z (-108.05756 39.05738 10168),0.0,in,51.62,degF,0.0,in,0.0,in,NRCS
2021-09-18 08:00:00+00:00,622:CO:SNTL,POINT Z (-108.05756 39.05738 10168),0.0,in,50.36,degF,0.0,in,0.5,in,NRCS
2021-09-19 08:00:00+00:00,622:CO:SNTL,POINT Z (-108.05756 39.05738 10168),0.0,in,46.58,degF,0.0,in,0.0,in,NRCS
2021-09-20 08:00:00+00:00,622:CO:SNTL,POINT Z (-108.05756 39.05738 10168),0.0,in,36.68,degF,0.0,in,0.0,in,NRCS
2021-09-21 08:00:00+00:00,622:CO:SNTL,POINT Z (-108.05756 39.05738 10168),0.0,in,37.76,degF,0.0,in,0.0,in,NRCS
2021-09-22 08:00:00+00:00,622:CO:SNTL,POINT Z (-108.05756 39.05738 10168),0.0,in,45.68,degF,0.0,in,0.1,in,NRCS
2021-09-23 08:00:00+00:00,622:CO:SNTL,POINT Z (-108.05756 39.05738 10168),0.0,in,48.38,degF,0.0,in,0.0,in,NRCS
2021-09-24 08:00:00+00:00,622:CO:SNTL,POINT Z (-108.05756 39.05738 10168),0.0,in,47.3,degF,0.0,in,0.0,in,NRCS
2021-09-25 08:00:00+00:00,622:CO:SNTL,POINT Z (-108.05756 39.05738 10168),0.0,in,49.82,degF,0.0,in,0.0,in,NRCS
2021-09-26 08:00:00+00:00,622:CO:SNTL,POINT Z (-108.05756 39.05738 10168),0.0,in,50.0,degF,0.0,in,0.0,in,NRCS
2021-09-27 08:00:00+00:00,622:CO:SNTL,POINT Z (-108.05756 39.05738 10168),0.0,in,49.1,degF,0.0,in,0.0,in,NRCS
2021-09-28 08:00:00+00:00,622:CO:SNTL,POINT Z (-108.05756 39.05738 10168),0.0,in,43.88,degF,0.0,in,0.2,in,NRCS
2021-09-29 08:00:00+00:00,622:CO:SNTL,POINT Z (-108.05756 39.05738 10168),0.0,in,36.5,degF,0.0,in,0.7,in,NRCS
2021-09-30 08:00:00+00:00,622:CO:SNTL,POINT Z (-108.05756 39.05738 10168),0.0,in,37.04,degF,0.0,in,0.3,in,NRCS
2021-10-01 08:00:00+00:00,622:CO:SNTL,POINT Z (-108.05756 39.05738 10168),0.0,in,38.48,degF,0.0,in,0.0,in,NRCS
2020-10-01 08:00:00+00:00,682:CO:SNTL,POINT Z (-107.87951 39.04433 9987),0.0,in,42.98,degF,0.0,in,0.0,in,NRCS
2020-10-02 08:00:00+00:00,682:CO:SNTL,POINT Z (-107.87951 39.04433 9987),0.0,in,44.6,degF,0.0,in,0.0,in,NRCS
2020-10-03 08:00:00+00:00,682:CO:SNTL,POINT Z (-107.87951 39.04433 9987),0.0,in,42.26,degF,0.0,in,0.0,in,NRCS
2020-10-04 08:00:00+00:00,682:CO:SNTL,POINT Z (-107.87951 39.04433 9987),0.0,in,43.7,degF,0.0,in,0.0,in,NRCS
2020-10-05 08:00:00+00:00,682:CO:SNTL,POINT Z (-107.87951 39.04433 9987),0.0,in,42.98,degF,0.0,in,0.0,in,NRCS
2020-10-06 08:00:00+00:00,682:CO:SNTL,POINT Z (-107.87951 39.04433 9987),0.0,in,44.96,degF,0.0,in,0.0,in,NRCS
2020-10-07 08:00:00+00:00,682:CO:SNTL,POINT Z (-107.87951 39.04433 9987),0.0,in,45.32,degF,0.0,in,0.0,in,NRCS
2020-10-08 08:00:00+00:00,682:CO:SNTL,POINT Z (-107.87951 39.04433 9987),0.0,in,44.6,degF,0.0,in,0.0,in,NRCS
2020-10-09 08:00:00+00:00,682:CO:SNTL,POINT Z (-107.87951 39.04433 9987),0.0,in,45.86,degF,0.0,in,0.0,in,NRCS
2020-10-10 08:00:00+00:00,682:CO:SNTL,POINT Z (-107.87951 39.04433 9987),0.0,in,46.58,degF,0.0,in,0.0,in,NRCS
2020-10-11 08:00:00+00:00,682:CO:SNTL,POINT Z (-107.87951 39.04433 9987),0.0,in,35.78,degF,0.0,in,0.1,in,NRCS
2020-10-12 08:00:00+00:00,682:CO:SNTL,POINT Z (-107.87951 39.04433 9987),0.0,in,34.52,degF,0.0,in,0.0,in,NRCS
2020-10-13 08:00:00+00:00,682:CO:SNTL,POINT Z (-107.87951 39.04433 9987),0.0,in,42.08,degF,0.0,in,0.0,in,NRCS
2020-10-14 08:00:00+00:00,682:CO:SNTL,POINT Z (-107.87951 39.04433 9987),0.0,in,45.68,degF,0.0,in,0.0,in,NRCS
2020-10-15 08:00:00+00:00,682:CO:SNTL,POINT Z (-107.87951 39.04433 9987),0.0,in,34.34,degF,0.0,in,0.0,in,NRCS
2020-10-16 08:00:00+00:00,682:CO:SNTL,POINT Z (-107.87951 39.04433 9987),0.0,in,35.06,degF,0.0,in,0.0,in,NRCS
2020-10-17 08:00:00+00:00,682:CO:SNTL,POINT Z (-107.87951 39.04433 9987),0.0,in,40.1,degF,0.0,in,0.0,in,NRCS
2020-10-18 08:00:00+00:00,682:CO:SNTL,POINT Z (-107.87951 39.04433 9987),0.0,in,41.9,degF,0.0,in,0.0,in,NRCS
2020-10-19 08:00:00+00:00,682:CO:SNTL,POINT Z (-107.87951 39.04433 9987),0.0,in,38.84,degF,0.0,in,0.0,in,NRCS
2020-10-20 08:00:00+00:00,682:CO:SNTL,POINT Z (-107.87951 39.04433 9987),0.0,in,39.02,degF,0.0,in,0.0,in,NRCS
2020-10-21 08:00:00+00:00,682:CO:SNTL,POINT Z (-107.87951 39.04433 9987),0.0,in,43.88,degF,0.0,in,0.0,in,NRCS
2020-10-22 08:00:00+00:00,682:CO:SNTL,POINT Z (-107.87951 39.04433 9987),0.0,in,40.28,degF,0.0,in,0.0,in,NRCS
2020-10-23 08:00:00+00:00,682:CO:SNTL,POINT Z (-107.87951 39.04433 9987),0.0,in,36.32,degF,0.0,in,0.0,in,NRCS
2020-10-24 08:00:00+00:00,682:CO:SNTL,POINT Z (-107.87951 39.04433 9987),0.0,in,39.2,degF,0.0,in,0.0,in,NRCS
2020-10-25 08:00:00+00:00,682:CO:SNTL,POINT Z (-107.87951 39.04433 9987),0.0,in,30.02,degF,0.0,in,0.5,in,NRCS
2020-10-26 08:00:00+00:00,682:CO:SNTL,POINT Z (-107.87951 39.04433 9987),0.4,in,10.4,degF,4.0,in,0.0,in,NRCS
2020-10-27 08:00:00+00:00,682:CO:SNTL,POINT Z (-107.87951 39.04433 9987),0.3,in,21.56,degF,5.0,in,0.0,in,NRCS
2020-10-28 08:00:00+00:00,682:CO:SNTL,POINT Z (-107.87951 39.04433 9987),0.2,in,32.18,degF,3.0,in,0.0,in,NRCS
2020-10-29 08:00:00+00:00,682:CO:SNTL,POINT Z (-107.87951 39.04433 9987),0.2,in,30.56,degF,3.0,in,0.0,in,NRCS
2020-10-30 08:00:00+00:00,682:CO:SNTL,POINT Z (-107.87951 39.04433 9987),0.2,in,30.02,degF,3.0,in,0.0,in,NRCS
2020-10-31 08:00:00+00:00,682:CO:SNTL,POINT Z (-107.87951 39.04433 9987),0.2,in,29.84,degF,2.0,in,0.0,in,NRCS
2020-11-01 08:00:00+00:00,682:CO:SNTL,POINT Z (-107.87951 39.04433 9987),0.2,in,32.0,degF,2.0,in,0.0,in,NRCS
2020-11-02 08:00:00+00:00,682:CO:SNTL,POINT Z (-107.87951 39.04433 9987),0.2,in,34.7,degF,2.0,in,0.0,in,NRCS
2020-11-03 08:00:00+00:00,682:CO:SNTL,POINT Z (-107.87951 39.04433 9987),0.2,in,36.86,degF,2.0,in,0.0,in,NRCS
2020-11-04 08:00:00+00:00,682:CO:SNTL,POINT Z (-107.87951 39.04433 9987),0.2,in,36.86,degF,1.0,in,0.0,in,NRCS
2020-11-05 08:00:00+00:00,682:CO:SNTL,POINT Z (-107.87951 39.04433 9987),0.2,in,36.68,degF,1.0,in,0.0,in,NRCS
2020-11-06 08:00:00+00:00,682:CO:SNTL,POINT Z (-107.87951 39.04433 9987),0.1,in,42.98,degF,1.0,in,0.0,in,NRCS
2020-11-07 08:00:00+00:00,682:CO:SNTL,POINT Z (-107.87951 39.04433 9987),0.1,in,34.7,degF,1.0,in,1.1,in,NRCS
2020-11-08 08:00:00+00:00,682:CO:SNTL,POINT Z (-107.87951 39.04433 9987),1.1,in,20.48,degF,5.0,in,0.3,in,NRCS
2020-11-09 08:00:00+00:00,682:CO:SNTL,POINT Z (-107.87951 39.04433 9987),1.4,in,16.34,degF,8.0,in,0.6,in,NRCS
2020-11-10 08:00:00+00:00,682:CO:SNTL,POINT Z (-107.87951 39.04433 9987),1.9,in,13.46,degF,14.0,in,0.1,in,NRCS
2020-11-11 08:00:00+00:00,682:CO:SNTL,POINT Z (-107.87951 39.04433 9987),2.0,in,12.02,degF,14.0,in,0.0,in,NRCS
2020-11-12 08:00:00+00:00,682:CO:SNTL,POINT Z (-107.87951 39.04433 9987),2.0,in,12.2,degF,13.0,in,0.0,in,NRCS
2020-11-13 08:00:00+00:00,682:CO:SNTL,POINT Z (-107.87951 39.04433 9987),2.0,in,17.42,degF,12.0,in,0.2,in,NRCS
2020-11-14 08:00:00+00:00,682:CO:SNTL,POINT Z (-107.87951 39.04433 9987),2.2,in,14.9,degF,11.0,in,0.5,in,NRCS
2020-11-15 08:00:00+00:00,682:CO:SNTL,POINT Z (-107.87951 39.04433 9987),2.7,in,19.76,degF,17.0,in,0.2,in,NRCS
2020-11-16 08:00:00+00:00,682:CO:SNTL,POINT Z (-107.87951 39.04433 9987),2.9,in,24.8,degF,15.0,in,0.0,in,NRCS
2020-11-17 08:00:00+00:00,682:CO:SNTL,POINT Z (-107.87951 39.04433 9987),2.9,in,28.76,degF,14.0,in,0.0,in,NRCS
2020-11-18 08:00:00+00:00,682:CO:SNTL,POINT Z (-107.87951 39.04433 9987),2.9,in,38.84,degF,13.0,in,0.0,in,NRCS
2020-11-19 08:00:00+00:00,682:CO:SNTL,POINT Z (-107.87951 39.04433 9987),2.9,in,33.08,degF,12.0,in,0.0,in,NRCS
2020-11-20 08:00:00+00:00,682:CO:SNTL,POINT Z (-107.87951 39.04433 9987),2.9,in,32.54,degF,12.0,in,0.0,in,NRCS
2020-11-21 08:00:00+00:00,682:CO:SNTL,POINT Z (-107.87951 39.04433 9987),2.9,in,28.76,degF,12.0,in,0.0,in,NRCS
2020-11-22 08:00:00+00:00,682:CO:SNTL,POINT Z (-107.87951 39.04433 9987),2.9,in,24.08,degF,12.0,in,0.2,in,NRCS
2020-11-23 08:00:00+00:00,682:CO:SNTL,POINT Z (-107.87951 39.04433 9987),3.1,in,31.82,degF,14.0,in,0.0,in,NRCS
2020-11-24 08:00:00+00:00,682:CO:SNTL,POINT Z (-107.87951 39.04433 9987),3.1,in,17.78,degF,14.0,in,0.0,in,NRCS
2020-11-25 08:00:00+00:00,682:CO:SNTL,POINT Z (-107.87951 39.04433 9987),3.1,in,12.92,degF,14.0,in,0.0,in,NRCS
2020-11-26 08:00:00+00:00,682:CO:SNTL,POINT Z (-107.87951 39.04433 9987),3.1,in,16.34,degF,14.0,in,0.0,in,NRCS
2020-11-27 08:00:00+00:00,682:CO:SNTL,POINT Z (-107.87951 39.04433 9987),3.1,in,12.2,degF,14.0,in,0.0,in,NRCS
2020-11-28 08:00:00+00:00,682:CO:SNTL,POINT Z (-107.87951 39.04433 9987),3.1,in,19.58,degF,14.0,in,0.0,in,NRCS
2020-11-29 08:00:00+00:00,682:CO:SNTL,POINT Z (-107.87951 39.04433 9987),3.1,in,18.32,degF,14.0,in,0.0,in,NRCS
2020-11-30 08:00:00+00:00,682:CO:SNTL,POINT Z (-107.87951 39.04433 9987),3.1,in,13.28,degF,14.0,in,0.0,in,NRCS
2020-12-01 08:00:00+00:00,682:CO:SNTL,POINT Z (-107.87951 39.04433 9987),3.1,in,12.2,degF,14.0,in,0.2,in,NRCS
2020-12-02 08:00:00+00:00,682:CO:SNTL,POINT Z (-107.87951 39.04433 9987),3.3,in,9.5,degF,16.0,in,0.0,in,NRCS
2020-12-03 08:00:00+00:00,682:CO:SNTL,POINT Z (-107.87951 39.04433 9987),3.3,in,19.76,degF,15.0,in,0.0,in,NRCS
2020-12-04 08:00:00+00:00,682:CO:SNTL,POINT Z (-107.87951 39.04433 9987),3.3,in,26.6,degF,15.0,in,0.0,in,NRCS
2020-12-05 08:00:00+00:00,682:CO:SNTL,POINT Z (-107.87951 39.04433 9987),3.3,in,22.1,degF,15.0,in,0.0,in,NRCS
2020-12-06 08:00:00+00:00,682:CO:SNTL,POINT Z (-107.87951 39.04433 9987),3.3,in,19.94,degF,15.0,in,0.0,in,NRCS
2020-12-07 08:00:00+00:00,682:CO:SNTL,POINT Z (-107.87951 39.04433 9987),3.3,in,22.1,degF,15.0,in,0.0,in,NRCS
2020-12-08 08:00:00+00:00,682:CO:SNTL,POINT Z (-107.87951 39.04433 9987),3.3,in,23.18,degF,15.0,in,0.0,in,NRCS
2020-12-09 08:00:00+00:00,682:CO:SNTL,POINT Z (-107.87951 39.04433 9987),3.3,in,21.2,degF,14.0,in,0.0,in,NRCS
2020-12-10 08:00:00+00:00,682:CO:SNTL,POINT Z (-107.87951 39.04433 9987),3.3,in,20.3,degF,14.0,in,0.2,in,NRCS
2020-12-11 08:00:00+00:00,682:CO:SNTL,POINT Z (-107.87951 39.04433 9987),3.5,in,14.9,degF,15.0,in,0.0,in,NRCS
2020-12-12 08:00:00+00:00,682:CO:SNTL,POINT Z (-107.87951 39.04433 9987),3.5,in,8.6,degF,16.0,in,0.6,in,NRCS
2020-12-13 08:00:00+00:00,682:CO:SNTL,POINT Z (-107.87951 39.04433 9987),4.1,in,4.46,degF,23.0,in,0.0,in,NRCS
2020-12-14 08:00:00+00:00,682:CO:SNTL,POINT Z (-107.87951 39.04433 9987),4.1,in,14.18,degF,21.0,in,0.2,in,NRCS
2020-12-15 08:00:00+00:00,682:CO:SNTL,POINT Z (-107.87951 39.04433 9987),4.3,in,6.08,degF,24.0,in,0.0,in,NRCS
2020-12-16 08:00:00+00:00,682:CO:SNTL,POINT Z (-107.87951 39.04433 9987),4.3,in,5.9,degF,24.0,in,0.0,in,NRCS
2020-12-17 08:00:00+00:00,682:CO:SNTL,POINT Z (-107.87951 39.04433 9987),4.3,in,14.18,degF,22.0,in,0.6,in,NRCS
2020-12-18 08:00:00+00:00,682:CO:SNTL,POINT Z (-107.87951 39.04433 9987),4.9,in,14.0,degF,26.0,in,0.0,in,NRCS
2020-12-19 08:00:00+00:00,682:CO:SNTL,POINT Z (-107.87951 39.04433 9987),4.9,in,7.7,degF,25.0,in,0.0,in,NRCS
2020-12-20 08:00:00+00:00,682:CO:SNTL,POINT Z (-107.87951 39.04433 9987),4.9,in,13.46,degF,24.0,in,0.0,in,NRCS
2020-12-21 08:00:00+00:00,682:CO:SNTL,POINT Z (-107.87951 39.04433 9987),4.9,in,23.36,degF,22.0,in,0.0,in,NRCS
2020-12-22 08:00:00+00:00,682:CO:SNTL,POINT Z (-107.87951 39.04433 9987),4.9,in,17.6,degF,22.0,in,0.2,in,NRCS
2020-12-23 08:00:00+00:00,682:CO:SNTL,POINT Z (-107.87951 39.04433 9987),5.1,in,0.68,degF,24.0,in,0.2,in,NRCS
2020-12-24 08:00:00+00:00,682:CO:SNTL,POINT Z (-107.87951 39.04433 9987),5.3,in,6.62,degF,25.0,in,0.0,in,NRCS
2020-12-25 08:00:00+00:00,682:CO:SNTL,POINT Z (-107.87951 39.04433 9987),5.3,in,14.36,degF,24.0,in,0.0,in,NRCS
2020-12-26 08:00:00+00:00,682:CO:SNTL,POINT Z (-107.87951 39.04433 9987),5.3,in,16.88,degF,23.0,in,0.0,in,NRCS
2020-12-27 08:00:00+00:00,682:CO:SNTL,POINT Z (-107.87951 39.04433 9987),5.3,in,13.82,degF,21.0,in,0.1,in,NRCS
2020-12-28 08:00:00+00:00,682:CO:SNTL,POINT Z (-107.87951 39.04433 9987),5.4,in,20.66,degF,22.0,in,1.1,in,NRCS
2020-12-29 08:00:00+00:00,682:CO:SNTL,POINT Z (-107.87951 39.04433 9987),6.5,in,9.5,degF,32.0,in,0.2,in,NRCS
2020-12-30 08:00:00+00:00,682:CO:SNTL,POINT Z (-107.87951 39.04433 9987),6.7,in,5.72,degF,38.0,in,0.0,in,NRCS
2020-12-31 08:00:00+00:00,682:CO:SNTL,POINT Z (-107.87951 39.04433 9987),6.7,in,13.64,degF,35.0,in,0.0,in,NRCS
2021-01-01 08:00:00+00:00,682:CO:SNTL,POINT Z (-107.87951 39.04433 9987),6.7,in,12.2,degF,32.0,in,0.0,in,NRCS
2021-01-02 08:00:00+00:00,682:CO:SNTL,POINT Z (-107.87951 39.04433 9987),6.7,in,6.08,degF,32.0,in,0.0,in,NRCS
2021-01-03 08:00:00+00:00,682:CO:SNTL,POINT Z (-107.87951 39.04433 9987),6.7,in,14.54,degF,30.0,in,0.1,in,NRCS
2021-01-04 08:00:00+00:00,682:CO:SNTL,POINT Z (-107.87951 39.04433 9987),6.8,in,19.4,degF,29.0,in,0.1,in,NRCS
2021-01-05 08:00:00+00:00,682:CO:SNTL,POINT Z (-107.87951 39.04433 9987),6.9,in,19.22,degF,29.0,in,0.0,in,NRCS
2021-01-06 08:00:00+00:00,682:CO:SNTL,POINT Z (-107.87951 39.04433 9987),6.9,in,11.12,degF,30.0,in,0.0,in,NRCS
2021-01-07 08:00:00+00:00,682:CO:SNTL,POINT Z (-107.87951 39.04433 9987),6.9,in,13.82,degF,30.0,in,0.0,in,NRCS
2021-01-08 08:00:00+00:00,682:CO:SNTL,POINT Z (-107.87951 39.04433 9987),6.9,in,11.48,degF,30.0,in,0.0,in,NRCS
2021-01-09 08:00:00+00:00,682:CO:SNTL,POINT Z (-107.87951 39.04433 9987),6.9,in,11.12,degF,29.0,in,0.0,in,NRCS
2021-01-10 08:00:00+00:00,682:CO:SNTL,POINT Z (-107.87951 39.04433 9987),6.9,in,3.92,degF,29.0,in,0.0,in,NRCS
2021-01-11 08:00:00+00:00,682:CO:SNTL,POINT Z (-107.87951 39.04433 9987),6.9,in,8.6,degF,29.0,in,0.0,in,NRCS
2021-01-12 08:00:00+00:00,682:CO:SNTL,POINT Z (-107.87951 39.04433 9987),6.9,in,16.34,degF,28.0,in,0.1,in,NRCS
2021-01-13 08:00:00+00:00,682:CO:SNTL,POINT Z (-107.87951 39.04433 9987),7.0,in,24.62,degF,29.0,in,0.1,in,NRCS
2021-01-14 08:00:00+00:00,682:CO:SNTL,POINT Z (-107.87951 39.04433 9987),7.1,in,16.34,degF,28.0,in,0.0,in,NRCS
2021-01-15 08:00:00+00:00,682:CO:SNTL,POINT Z (-107.87951 39.04433 9987),7.1,in,20.3,degF,28.0,in,0.0,in,NRCS
2021-01-16 08:00:00+00:00,682:CO:SNTL,POINT Z (-107.87951 39.04433 9987),7.1,in,21.02,degF,28.0,in,0.0,in,NRCS
2021-01-17 08:00:00+00:00,682:CO:SNTL,POINT Z (-107.87951 39.04433 9987),7.1,in,23.54,degF,28.0,in,0.0,in,NRCS
2021-01-18 08:00:00+00:00,682:CO:SNTL,POINT Z (-107.87951 39.04433 9987),7.1,in,18.68,degF,27.0,in,0.0,in,NRCS
2021-01-19 08:00:00+00:00,682:CO:SNTL,POINT Z (-107.87951 39.04433 9987),7.1,in,14.0,degF,28.0,in,0.0,in,NRCS
2021-01-20 08:00:00+00:00,682:CO:SNTL,POINT Z (-107.87951 39.04433 9987),7.1,in,19.4,degF,28.0,in,0.0,in,NRCS
2021-01-21 08:00:00+00:00,682:CO:SNTL,POINT Z (-107.87951 39.04433 9987),7.1,in,20.48,degF,28.0,in,0.0,in,NRCS
2021-01-22 08:00:00+00:00,682:CO:SNTL,POINT Z (-107.87951 39.04433 9987),7.1,in,21.74,degF,28.0,in,0.6,in,NRCS
2021-01-23 08:00:00+00:00,682:CO:SNTL,POINT Z (-107.87951 39.04433 9987),7.7,in,19.04,degF,32.0,in,1.1,in,NRCS
2021-01-24 08:00:00+00:00,682:CO:SNTL,POINT Z (-107.87951 39.04433 9987),8.8,in,16.34,degF,41.0,in,0.4,in,NRCS
2021-01-25 08:00:00+00:00,682:CO:SNTL,POINT Z (-107.87951 39.04433 9987),9.2,in,9.86,degF,46.0,in,0.5,in,NRCS
2021-01-26 08:00:00+00:00,682:CO:SNTL,POINT Z (-107.87951 39.04433 9987),9.7,in,7.88,degF,50.0,in,0.1,in,NRCS
2021-01-27 08:00:00+00:00,682:CO:SNTL,POINT Z (-107.87951 39.04433 9987),9.8,in,10.76,degF,49.0,in,0.0,in,NRCS
2021-01-28 08:00:00+00:00,682:CO:SNTL,POINT Z (-107.87951 39.04433 9987),9.8,in,23.72,degF,46.0,in,0.0,in,NRCS
2021-01-29 08:00:00+00:00,682:CO:SNTL,POINT Z (-107.87951 39.04433 9987),9.8,in,24.8,degF,44.0,in,0.3,in,NRCS
2021-01-30 08:00:00+00:00,682:CO:SNTL,POINT Z (-107.87951 39.04433 9987),10.1,in,16.7,degF,46.0,in,0.1,in,NRCS
2021-01-31 08:00:00+00:00,682:CO:SNTL,POINT Z (-107.87951 39.04433 9987),10.2,in,9.32,degF,48.0,in,0.0,in,NRCS
2021-02-01 08:00:00+00:00,682:CO:SNTL,POINT Z (-107.87951 39.04433 9987),10.2,in,20.12,degF,48.0,in,0.1,in,NRCS
2021-02-02 08:00:00+00:00,682:CO:SNTL,POINT Z (-107.87951 39.04433 9987),10.3,in,30.02,degF,45.0,in,0.2,in,NRCS
2021-02-03 08:00:00+00:00,682:CO:SNTL,POINT Z (-107.87951 39.04433 9987),10.5,in,27.32,degF,45.0,in,0.6,in,NRCS
2021-02-04 08:00:00+00:00,682:CO:SNTL,POINT Z (-107.87951 39.04433 9987),11.1,in,6.08,degF,50.0,in,0.0,in,NRCS
2021-02-05 08:00:00+00:00,682:CO:SNTL,POINT Z (-107.87951 39.04433 9987),11.1,in,10.58,degF,50.0,in,0.1,in,NRCS
2021-02-06 08:00:00+00:00,682:CO:SNTL,POINT Z (-107.87951 39.04433 9987),11.2,in,14.18,degF,52.0,in,0.0,in,NRCS
2021-02-07 08:00:00+00:00,682:CO:SNTL,POINT Z (-107.87951 39.04433 9987),11.2,in,20.12,degF,49.0,in,0.0,in,NRCS
2021-02-08 08:00:00+00:00,682:CO:SNTL,POINT Z (-107.87951 39.04433 9987),11.2,in,20.48,degF,47.0,in,0.1,in,NRCS
2021-02-09 08:00:00+00:00,682:CO:SNTL,POINT Z (-107.87951 39.04433 9987),11.3,in,23.54,degF,47.0,in,0.3,in,NRCS
2021-02-10 08:00:00+00:00,682:CO:SNTL,POINT Z (-107.87951 39.04433 9987),11.6,in,20.48,degF,48.0,in,0.0,in,NRCS
2021-02-11 08:00:00+00:00,682:CO:SNTL,POINT Z (-107.87951 39.04433 9987),11.6,in,21.74,degF,48.0,in,0.2,in,NRCS
2021-02-12 08:00:00+00:00,682:CO:SNTL,POINT Z (-107.87951 39.04433 9987),11.8,in,26.24,degF,47.0,in,0.8,in,NRCS
2021-02-13 08:00:00+00:00,682:CO:SNTL,POINT Z (-107.87951 39.04433 9987),12.6,in,23.0,degF,53.0,in,1.6,in,NRCS
2021-02-14 08:00:00+00:00,682:CO:SNTL,POINT Z (-107.87951 39.04433 9987),14.2,in,13.82,degF,66.0,in,0.1,in,NRCS
2021-02-15 08:00:00+00:00,682:CO:SNTL,POINT Z (-107.87951 39.04433 9987),14.3,in,7.7,degF,63.0,in,0.1,in,NRCS
2021-02-16 08:00:00+00:00,682:CO:SNTL,POINT Z (-107.87951 39.04433 9987),14.4,in,14.72,degF,63.0,in,0.3,in,NRCS
2021-02-17 08:00:00+00:00,682:CO:SNTL,POINT Z (-107.87951 39.04433 9987),14.7,in,10.58,degF,64.0,in,0.1,in,NRCS
2021-02-18 08:00:00+00:00,682:CO:SNTL,POINT Z (-107.87951 39.04433 9987),14.8,in,1.58,degF,65.0,in,0.0,in,NRCS
2021-02-19 08:00:00+00:00,682:CO:SNTL,POINT Z (-107.87951 39.04433 9987),14.8,in,12.74,degF,63.0,in,0.2,in,NRCS
2021-02-20 08:00:00+00:00,682:CO:SNTL,POINT Z (-107.87951 39.04433 9987),15.0,in,16.16,degF,60.0,in,0.0,in,NRCS
2021-02-21 08:00:00+00:00,682:CO:SNTL,POINT Z (-107.87951 39.04433 9987),15.0,in,8.06,degF,60.0,in,0.0,in,NRCS
2021-02-22 08:00:00+00:00,682:CO:SNTL,POINT Z (-107.87951 39.04433 9987),15.0,in,13.1,degF,60.0,in,0.1,in,NRCS
2021-02-23 08:00:00+00:00,682:CO:SNTL,POINT Z (-107.87951 39.04433 9987),15.1,in,19.76,degF,58.0,in,0.0,in,NRCS
2021-02-24 08:00:00+00:00,682:CO:SNTL,POINT Z (-107.87951 39.04433 9987),15.1,in,16.52,degF,57.0,in,0.0,in,NRCS
2021-02-25 08:00:00+00:00,682:CO:SNTL,POINT Z (-107.87951 39.04433 9987),15.1,in,12.56,degF,56.0,in,0.0,in,NRCS
2021-02-26 08:00:00+00:00,682:CO:SNTL,POINT Z (-107.87951 39.04433 9987),15.1,in,14.9,degF,56.0,in,0.0,in,NRCS
2021-02-27 08:00:00+00:00,682:CO:SNTL,POINT Z (-107.87951 39.04433 9987),15.1,in,8.6,degF,55.0,in,0.0,in,NRCS
2021-02-28 08:00:00+00:00,682:CO:SNTL,POINT Z (-107.87951 39.04433 9987),15.1,in,1.58,degF,55.0,in,0.0,in,NRCS
2021-03-01 08:00:00+00:00,682:CO:SNTL,POINT Z (-107.87951 39.04433 9987),15.1,in,12.38,degF,55.0,in,0.0,in,NRCS
2021-03-02 08:00:00+00:00,682:CO:SNTL,POINT Z (-107.87951 39.04433 9987),15.0,in,15.98,degF,54.0,in,0.0,in,NRCS
2021-03-03 08:00:00+00:00,682:CO:SNTL,POINT Z (-107.87951 39.04433 9987),15.0,in,21.02,degF,54.0,in,0.2,in,NRCS
2021-03-04 08:00:00+00:00,682:CO:SNTL,POINT Z (-107.87951 39.04433 9987),15.2,in,25.16,degF,53.0,in,0.5,in,NRCS
2021-03-05 08:00:00+00:00,682:CO:SNTL,POINT Z (-107.87951 39.04433 9987),15.6,in,24.26,degF,58.0,in,0.1,in,NRCS
2021-03-06 08:00:00+00:00,682:CO:SNTL,POINT Z (-107.87951 39.04433 9987),15.7,in,26.6,degF,57.0,in,0.0,in,NRCS
2021-03-07 08:00:00+00:00,682:CO:SNTL,POINT Z (-107.87951 39.04433 9987),15.7,in,29.84,degF,55.0,in,0.0,in,NRCS
2021-03-08 08:00:00+00:00,682:CO:SNTL,POINT Z (-107.87951 39.04433 9987),15.7,in,30.74,degF,54.0,in,0.3,in,NRCS
2021-03-09 08:00:00+00:00,682:CO:SNTL,POINT Z (-107.87951 39.04433 9987),16.0,in,31.28,degF,56.0,in,0.3,in,NRCS
2021-03-10 08:00:00+00:00,682:CO:SNTL,POINT Z (-107.87951 39.04433 9987),16.3,in,17.78,degF,56.0,in,0.3,in,NRCS
2021-03-11 08:00:00+00:00,682:CO:SNTL,POINT Z (-107.87951 39.04433 9987),16.5,in,19.4,degF,62.0,in,0.2,in,NRCS
2021-03-12 08:00:00+00:00,682:CO:SNTL,POINT Z (-107.87951 39.04433 9987),16.7,in,23.54,degF,62.0,in,0.3,in,NRCS
2021-03-13 08:00:00+00:00,682:CO:SNTL,POINT Z (-107.87951 39.04433 9987),17.0,in,20.66,degF,61.0,in,0.3,in,NRCS
2021-03-14 08:00:00+00:00,682:CO:SNTL,POINT Z (-107.87951 39.04433 9987),17.3,in,18.32,degF,63.0,in,0.2,in,NRCS
2021-03-15 08:00:00+00:00,682:CO:SNTL,POINT Z (-107.87951 39.04433 9987),17.5,in,23.54,degF,66.0,in,0.2,in,NRCS
2021-03-16 08:00:00+00:00,682:CO:SNTL,POINT Z (-107.87951 39.04433 9987),17.7,in,23.18,degF,63.0,in,0.2,in,NRCS
2021-03-17 08:00:00+00:00,682:CO:SNTL,POINT Z (-107.87951 39.04433 9987),17.9,in,19.76,degF,66.0,in,0.0,in,NRCS
2021-03-18 08:00:00+00:00,682:CO:SNTL,POINT Z (-107.87951 39.04433 9987),17.9,in,21.92,degF,65.0,in,0.0,in,NRCS
2021-03-19 08:00:00+00:00,682:CO:SNTL,POINT Z (-107.87951 39.04433 9987),17.9,in,29.48,degF,63.0,in,0.0,in,NRCS
2021-03-20 08:00:00+00:00,682:CO:SNTL,POINT Z (-107.87951 39.04433 9987),17.9,in,33.08,degF,61.0,in,0.0,in,NRCS
2021-03-21 08:00:00+00:00,682:CO:SNTL,POINT Z (-107.87951 39.04433 9987),17.9,in,23.18,degF,61.0,in,0.6,in,NRCS
2021-03-22 08:00:00+00:00,682:CO:SNTL,POINT Z (-107.87951 39.04433 9987),18.5,in,19.4,degF,63.0,in,0.1,in,NRCS
2021-03-23 08:00:00+00:00,682:CO:SNTL,POINT Z (-107.87951 39.04433 9987),18.6,in,18.68,degF,64.0,in,0.1,in,NRCS
2021-03-24 08:00:00+00:00,682:CO:SNTL,POINT Z (-107.87951 39.04433 9987),18.6,in,18.32,degF,62.0,in,0.0,in,NRCS
2021-03-25 08:00:00+00:00,682:CO:SNTL,POINT Z (-107.87951 39.04433 9987),18.6,in,20.12,degF,62.0,in,1.1,in,NRCS
2021-03-26 08:00:00+00:00,682:CO:SNTL,POINT Z (-107.87951 39.04433 9987),19.7,in,21.56,degF,73.0,in,0.9,in,NRCS
2021-03-27 08:00:00+00:00,682:CO:SNTL,POINT Z (-107.87951 39.04433 9987),20.4,in,18.86,degF,79.0,in,0.0,in,NRCS
2021-03-28 08:00:00+00:00,682:CO:SNTL,POINT Z (-107.87951 39.04433 9987),20.4,in,22.64,degF,76.0,in,0.0,in,NRCS
2021-03-29 08:00:00+00:00,682:CO:SNTL,POINT Z (-107.87951 39.04433 9987),20.4,in,31.46,degF,72.0,in,0.0,in,NRCS
2021-03-30 08:00:00+00:00,682:CO:SNTL,POINT Z (-107.87951 39.04433 9987),20.4,in,14.9,degF,69.0,in,0.0,in,NRCS
2021-03-31 08:00:00+00:00,682:CO:SNTL,POINT Z (-107.87951 39.04433 9987),20.3,in,15.26,degF,68.0,in,0.0,in,NRCS
2021-04-01 08:00:00+00:00,682:CO:SNTL,POINT Z (-107.87951 39.04433 9987),20.3,in,25.7,degF,67.0,in,0.0,in,NRCS
2021-04-02 08:00:00+00:00,682:CO:SNTL,POINT Z (-107.87951 39.04433 9987),20.3,in,36.14,degF,64.0,in,0.0,in,NRCS
2021-04-03 08:00:00+00:00,682:CO:SNTL,POINT Z (-107.87951 39.04433 9987),20.2,in,36.68,degF,62.0,in,0.0,in,NRCS
2021-04-04 08:00:00+00:00,682:CO:SNTL,POINT Z (-107.87951 39.04433 9987),20.2,in,38.12,degF,59.0,in,0.0,in,NRCS
2021-04-05 08:00:00+00:00,682:CO:SNTL,POINT Z (-107.87951 39.04433 9987),20.2,in,38.84,degF,58.0,in,0.0,in,NRCS
2021-04-06 08:00:00+00:00,682:CO:SNTL,POINT Z (-107.87951 39.04433 9987),20.2,in,27.14,degF,56.0,in,0.0,in,NRCS
2021-04-07 08:00:00+00:00,682:CO:SNTL,POINT Z (-107.87951 39.04433 9987),20.2,in,29.48,degF,56.0,in,0.0,in,NRCS
2021-04-08 08:00:00+00:00,682:CO:SNTL,POINT Z (-107.87951 39.04433 9987),20.0,in,35.78,degF,55.0,in,0.0,in,NRCS
2021-04-09 08:00:00+00:00,682:CO:SNTL,POINT Z (-107.87951 39.04433 9987),19.7,in,28.04,degF,54.0,in,0.0,in,NRCS
2021-04-10 08:00:00+00:00,682:CO:SNTL,POINT Z (-107.87951 39.04433 9987),19.7,in,30.56,degF,54.0,in,0.0,in,NRCS
2021-04-11 08:00:00+00:00,682:CO:SNTL,POINT Z (-107.87951 39.04433 9987),19.4,in,33.08,degF,53.0,in,0.0,in,NRCS
2021-04-12 08:00:00+00:00,682:CO:SNTL,POINT Z (-107.87951 39.04433 9987),19.2,in,33.44,degF,52.0,in,0.0,in,NRCS
2021-04-13 08:00:00+00:00,682:CO:SNTL,POINT Z (-107.87951 39.04433 9987),18.9,in,34.16,degF,50.0,in,0.1,in,NRCS
2021-04-14 08:00:00+00:00,682:CO:SNTL,POINT Z (-107.87951 39.04433 9987),19.0,in,37.76,degF,51.0,in,0.1,in,NRCS
2021-04-15 08:00:00+00:00,682:CO:SNTL,POINT Z (-107.87951 39.04433 9987),19.0,in,27.14,degF,51.0,in,0.2,in,NRCS
2021-04-16 08:00:00+00:00,682:CO:SNTL,POINT Z (-107.87951 39.04433 9987),19.2,in,21.74,degF,53.0,in,0.4,in,NRCS
2021-04-17 08:00:00+00:00,682:CO:SNTL,POINT Z (-107.87951 39.04433 9987),19.6,in,21.56,degF,55.0,in,0.1,in,NRCS
2021-04-18 08:00:00+00:00,682:CO:SNTL,POINT Z (-107.87951 39.04433 9987),19.6,in,24.08,degF,53.0,in,0.0,in,NRCS
2021-04-19 08:00:00+00:00,682:CO:SNTL,POINT Z (-107.87951 39.04433 9987),19.6,in,29.3,degF,52.0,in,0.0,in,NRCS
2021-04-20 08:00:00+00:00,682:CO:SNTL,POINT Z (-107.87951 39.04433 9987),19.5,in,21.2,degF,54.0,in,0.0,in,NRCS
2021-04-21 08:00:00+00:00,682:CO:SNTL,POINT Z (-107.87951 39.04433 9987),19.4,in,31.28,degF,52.0,in,0.1,in,NRCS
2021-04-22 08:00:00+00:00,682:CO:SNTL,POINT Z (-107.87951 39.04433 9987),19.4,in,29.66,degF,50.0,in,0.1,in,NRCS
2021-04-23 08:00:00+00:00,682:CO:SNTL,POINT Z (-107.87951 39.04433 9987),19.3,in,29.12,degF,51.0,in,0.0,in,NRCS
2021-04-24 08:00:00+00:00,682:CO:SNTL,POINT Z (-107.87951 39.04433 9987),19.1,in,35.06,degF,50.0,in,0.0,in,NRCS
2021-04-25 08:00:00+00:00,682:CO:SNTL,POINT Z (-107.87951 39.04433 9987),18.5,in,41.9,degF,48.0,in,0.0,in,NRCS
2021-04-26 08:00:00+00:00,682:CO:SNTL,POINT Z (-107.87951 39.04433 9987),17.9,in,37.94,degF,46.0,in,0.0,in,NRCS
2021-04-27 08:00:00+00:00,682:CO:SNTL,POINT Z (-107.87951 39.04433 9987),17.8,in,29.66,degF,46.0,in,0.3,in,NRCS
2021-04-28 08:00:00+00:00,682:CO:SNTL,POINT Z (-107.87951 39.04433 9987),17.8,in,34.88,degF,47.0,in,0.0,in,NRCS
2021-04-29 08:00:00+00:00,682:CO:SNTL,POINT Z (-107.87951 39.04433 9987),17.8,in,42.62,degF,46.0,in,0.1,in,NRCS
2021-04-30 08:00:00+00:00,682:CO:SNTL,POINT Z (-107.87951 39.04433 9987),17.3,in,44.42,degF,45.0,in,0.1,in,NRCS
2021-05-01 08:00:00+00:00,682:CO:SNTL,POINT Z (-107.87951 39.04433 9987),16.0,in,46.04,degF,43.0,in,0.0,in,NRCS
2021-05-02 08:00:00+00:00,682:CO:SNTL,POINT Z (-107.87951 39.04433 9987),15.2,in,38.84,degF,41.0,in,0.0,in,NRCS
2021-05-03 08:00:00+00:00,682:CO:SNTL,POINT Z (-107.87951 39.04433 9987),15.0,in,31.46,degF,40.0,in,1.0,in,NRCS
2021-05-04 08:00:00+00:00,682:CO:SNTL,POINT Z (-107.87951 39.04433 9987),15.8,in,30.92,degF,47.0,in,0.1,in,NRCS
2021-05-05 08:00:00+00:00,682:CO:SNTL,POINT Z (-107.87951 39.04433 9987),15.9,in,36.14,degF,43.0,in,0.0,in,NRCS
2021-05-06 08:00:00+00:00,682:CO:SNTL,POINT Z (-107.87951 39.04433 9987),15.6,in,41.0,degF,42.0,in,0.1,in,NRCS
2021-05-07 08:00:00+00:00,682:CO:SNTL,POINT Z (-107.87951 39.04433 9987),15.7,in,44.06,degF,40.0,in,0.0,in,NRCS
2021-05-08 08:00:00+00:00,682:CO:SNTL,POINT Z (-107.87951 39.04433 9987),15.4,in,39.2,degF,38.0,in,0.0,in,NRCS
2021-05-09 08:00:00+00:00,682:CO:SNTL,POINT Z (-107.87951 39.04433 9987),14.5,in,33.98,degF,36.0,in,0.0,in,NRCS
2021-05-10 08:00:00+00:00,682:CO:SNTL,POINT Z (-107.87951 39.04433 9987),14.1,in,30.38,degF,35.0,in,0.2,in,NRCS
2021-05-11 08:00:00+00:00,682:CO:SNTL,POINT Z (-107.87951 39.04433 9987),14.2,in,29.3,degF,36.0,in,0.2,in,NRCS
2021-05-12 08:00:00+00:00,682:CO:SNTL,POINT Z (-107.87951 39.04433 9987),14.4,in,34.16,degF,37.0,in,0.0,in,NRCS
2021-05-13 08:00:00+00:00,682:CO:SNTL,POINT Z (-107.87951 39.04433 9987),14.0,in,42.08,degF,34.0,in,0.0,in,NRCS
2021-05-14 08:00:00+00:00,682:CO:SNTL,POINT Z (-107.87951 39.04433 9987),14.0,in,45.32,degF,32.0,in,0.0,in,NRCS
2021-05-15 08:00:00+00:00,682:CO:SNTL,POINT Z (-107.87951 39.04433 9987),13.4,in,44.42,degF,31.0,in,0.0,in,NRCS
2021-05-16 08:00:00+00:00,682:CO:SNTL,POINT Z (-107.87951 39.04433 9987),12.4,in,45.32,degF,28.0,in,0.0,in,NRCS
2021-05-17 08:00:00+00:00,682:CO:SNTL,POINT Z (-107.87951 39.04433 9987),11.5,in,39.38,degF,26.0,in,0.0,in,NRCS
2021-05-18 08:00:00+00:00,682:CO:SNTL,POINT Z (-107.87951 39.04433 9987),11.0,in,41.72,degF,26.0,in,0.0,in,NRCS
2021-05-19 08:00:00+00:00,682:CO:SNTL,POINT Z (-107.87951 39.04433 9987),10.3,in,44.78,degF,25.0,in,0.0,in,NRCS
2021-05-20 08:00:00+00:00,682:CO:SNTL,POINT Z (-107.87951 39.04433 9987),9.4,in,48.38,degF,23.0,in,0.1,in,NRCS
2021-05-21 08:00:00+00:00,682:CO:SNTL,POINT Z (-107.87951 39.04433 9987),8.5,in,38.84,degF,20.0,in,0.3,in,NRCS
2021-05-22 08:00:00+00:00,682:CO:SNTL,POINT Z (-107.87951 39.04433 9987),8.5,in,42.44,degF,20.0,in,0.0,in,NRCS
2021-05-23 08:00:00+00:00,682:CO:SNTL,POINT Z (-107.87951 39.04433 9987),8.1,in,35.78,degF,19.0,in,0.0,in,NRCS
2021-05-24 08:00:00+00:00,682:CO:SNTL,POINT Z (-107.87951 39.04433 9987),7.4,in,36.32,degF,18.0,in,0.0,in,NRCS
2021-05-25 08:00:00+00:00,682:CO:SNTL,POINT Z (-107.87951 39.04433 9987),6.9,in,41.18,degF,15.0,in,0.0,in,NRCS
2021-05-26 08:00:00+00:00,682:CO:SNTL,POINT Z (-107.87951 39.04433 9987),5.6,in,43.16,degF,13.0,in,0.0,in,NRCS
2021-05-27 08:00:00+00:00,682:CO:SNTL,POINT Z (-107.87951 39.04433 9987),4.8,in,44.06,degF,11.0,in,0.0,in,NRCS
2021-05-28 08:00:00+00:00,682:CO:SNTL,POINT Z (-107.87951 39.04433 9987),3.7,in,47.48,degF,7.0,in,0.0,in,NRCS
2021-05-29 08:00:00+00:00,682:CO:SNTL,POINT Z (-107.87951 39.04433 9987),2.7,in,49.28,degF,6.0,in,0.0,in,NRCS
2021-05-30 08:00:00+00:00,682:CO:SNTL,POINT Z (-107.87951 39.04433 9987),1.5,in,44.42,degF,2.0,in,0.1,in,NRCS
2021-05-31 08:00:00+00:00,682:CO:SNTL,POINT Z (-107.87951 39.04433 9987),0.8,in,44.24,degF,1.0,in,0.0,in,NRCS
2021-06-01 08:00:00+00:00,682:CO:SNTL,POINT Z (-107.87951 39.04433 9987),0.4,in,45.86,degF,1.0,in,0.0,in,NRCS
2021-06-02 08:00:00+00:00,682:CO:SNTL,POINT Z (-107.87951 39.04433 9987),0.4,in,50.9,degF,1.0,in,0.1,in,NRCS
2021-06-03 08:00:00+00:00,682:CO:SNTL,POINT Z (-107.87951 39.04433 9987),0.5,in,53.06,degF,0.0,in,0.0,in,NRCS
2021-06-04 08:00:00+00:00,682:CO:SNTL,POINT Z (-107.87951 39.04433 9987),0.4,in,57.02,degF,0.0,in,0.0,in,NRCS
2021-06-05 08:00:00+00:00,682:CO:SNTL,POINT Z (-107.87951 39.04433 9987),0.0,in,53.24,degF,0.0,in,0.0,in,NRCS
2021-06-06 08:00:00+00:00,682:CO:SNTL,POINT Z (-107.87951 39.04433 9987),0.0,in,49.82,degF,0.0,in,0.0,in,NRCS
2021-06-07 08:00:00+00:00,682:CO:SNTL,POINT Z (-107.87951 39.04433 9987),0.0,in,54.32,degF,0.0,in,0.0,in,NRCS
2021-06-08 08:00:00+00:00,682:CO:SNTL,POINT Z (-107.87951 39.04433 9987),0.0,in,53.06,degF,0.0,in,0.0,in,NRCS
2021-06-09 08:00:00+00:00,682:CO:SNTL,POINT Z (-107.87951 39.04433 9987),0.0,in,55.58,degF,0.0,in,0.0,in,NRCS
2021-06-10 08:00:00+00:00,682:CO:SNTL,POINT Z (-107.87951 39.04433 9987),0.0,in,56.48,degF,0.0,in,0.0,in,NRCS
2021-06-11 08:00:00+00:00,682:CO:SNTL,POINT Z (-107.87951 39.04433 9987),0.0,in,51.8,degF,0.0,in,0.0,in,NRCS
2021-06-12 08:00:00+00:00,682:CO:SNTL,POINT Z (-107.87951 39.04433 9987),0.0,in,55.76,degF,0.0,in,0.0,in,NRCS
2021-06-13 08:00:00+00:00,682:CO:SNTL,POINT Z (-107.87951 39.04433 9987),0.0,in,58.46,degF,0.0,in,0.0,in,NRCS
2021-06-14 08:00:00+00:00,682:CO:SNTL,POINT Z (-107.87951 39.04433 9987),0.0,in,60.44,degF,0.0,in,0.0,in,NRCS
2021-06-15 08:00:00+00:00,682:CO:SNTL,POINT Z (-107.87951 39.04433 9987),0.0,in,62.24,degF,0.0,in,0.0,in,NRCS
2021-06-16 08:00:00+00:00,682:CO:SNTL,POINT Z (-107.87951 39.04433 9987),0.0,in,63.5,degF,0.0,in,0.0,in,NRCS
2021-06-17 08:00:00+00:00,682:CO:SNTL,POINT Z (-107.87951 39.04433 9987),0.0,in,64.04,degF,0.0,in,0.0,in,NRCS
2021-06-18 08:00:00+00:00,682:CO:SNTL,POINT Z (-107.87951 39.04433 9987),0.0,in,58.46,degF,0.0,in,0.0,in,NRCS
2021-06-19 08:00:00+00:00,682:CO:SNTL,POINT Z (-107.87951 39.04433 9987),0.0,in,56.12,degF,0.0,in,0.0,in,NRCS
2021-06-20 08:00:00+00:00,682:CO:SNTL,POINT Z (-107.87951 39.04433 9987),0.0,in,60.8,degF,0.0,in,0.2,in,NRCS
2021-06-21 08:00:00+00:00,682:CO:SNTL,POINT Z (-107.87951 39.04433 9987),0.0,in,56.66,degF,0.0,in,0.0,in,NRCS
2021-06-22 08:00:00+00:00,682:CO:SNTL,POINT Z (-107.87951 39.04433 9987),0.0,in,59.72,degF,0.0,in,0.0,in,NRCS
2021-06-23 08:00:00+00:00,682:CO:SNTL,POINT Z (-107.87951 39.04433 9987),0.0,in,53.06,degF,0.0,in,0.0,in,NRCS
2021-06-24 08:00:00+00:00,682:CO:SNTL,POINT Z (-107.87951 39.04433 9987),0.0,in,49.46,degF,0.0,in,0.0,in,NRCS
2021-06-25 08:00:00+00:00,682:CO:SNTL,POINT Z (-107.87951 39.04433 9987),0.0,in,46.04,degF,0.0,in,0.4,in,NRCS
2021-06-26 08:00:00+00:00,682:CO:SNTL,POINT Z (-107.87951 39.04433 9987),0.0,in,45.86,degF,0.0,in,0.2,in,NRCS
2021-06-27 08:00:00+00:00,682:CO:SNTL,POINT Z (-107.87951 39.04433 9987),0.0,in,48.02,degF,0.0,in,0.3,in,NRCS
2021-06-28 08:00:00+00:00,682:CO:SNTL,POINT Z (-107.87951 39.04433 9987),0.0,in,49.28,degF,0.0,in,0.0,in,NRCS
2021-06-29 08:00:00+00:00,682:CO:SNTL,POINT Z (-107.87951 39.04433 9987),0.0,in,51.08,degF,0.0,in,0.0,in,NRCS
2021-06-30 08:00:00+00:00,682:CO:SNTL,POINT Z (-107.87951 39.04433 9987),0.0,in,51.8,degF,0.0,in,0.0,in,NRCS
2021-07-01 08:00:00+00:00,682:CO:SNTL,POINT Z (-107.87951 39.04433 9987),0.0,in,53.06,degF,0.0,in,0.0,in,NRCS
2021-07-02 08:00:00+00:00,682:CO:SNTL,POINT Z (-107.87951 39.04433 9987),0.0,in,53.24,degF,0.0,in,0.0,in,NRCS
2021-07-03 08:00:00+00:00,682:CO:SNTL,POINT Z (-107.87951 39.04433 9987),0.0,in,58.64,degF,0.0,in,0.0,in,NRCS
2021-07-04 08:00:00+00:00,682:CO:SNTL,POINT Z (-107.87951 39.04433 9987),0.0,in,61.52,degF,0.0,in,0.0,in,NRCS
2021-07-05 08:00:00+00:00,682:CO:SNTL,POINT Z (-107.87951 39.04433 9987),0.0,in,59.54,degF,0.0,in,0.0,in,NRCS
2021-07-06 08:00:00+00:00,682:CO:SNTL,POINT Z (-107.87951 39.04433 9987),0.0,in,59.9,degF,0.0,in,0.0,in,NRCS
2021-07-07 08:00:00+00:00,682:CO:SNTL,POINT Z (-107.87951 39.04433 9987),0.0,in,59.18,degF,0.0,in,0.0,in,NRCS
2021-07-08 08:00:00+00:00,682:CO:SNTL,POINT Z (-107.87951 39.04433 9987),0.0,in,61.16,degF,0.0,in,0.0,in,NRCS
2021-07-09 08:00:00+00:00,682:CO:SNTL,POINT Z (-107.87951 39.04433 9987),0.0,in,66.2,degF,0.0,in,0.0,in,NRCS
2021-07-10 08:00:00+00:00,682:CO:SNTL,POINT Z (-107.87951 39.04433 9987),0.0,in,64.94,degF,0.0,in,0.0,in,NRCS
2021-07-11 08:00:00+00:00,682:CO:SNTL,POINT Z (-107.87951 39.04433 9987),0.0,in,59.72,degF,0.0,in,0.0,in,NRCS
2021-07-12 08:00:00+00:00,682:CO:SNTL,POINT Z (-107.87951 39.04433 9987),0.0,in,62.6,degF,0.0,in,0.0,in,NRCS
2021-07-13 08:00:00+00:00,682:CO:SNTL,POINT Z (-107.87951 39.04433 9987),0.0,in,58.46,degF,0.0,in,0.2,in,NRCS
2021-07-14 08:00:00+00:00,682:CO:SNTL,POINT Z (-107.87951 39.04433 9987),0.0,in,51.98,degF,0.0,in,0.1,in,NRCS
2021-07-15 08:00:00+00:00,682:CO:SNTL,POINT Z (-107.87951 39.04433 9987),0.0,in,56.84,degF,0.0,in,0.0,in,NRCS
2021-07-16 08:00:00+00:00,682:CO:SNTL,POINT Z (-107.87951 39.04433 9987),0.0,in,57.74,degF,0.0,in,0.0,in,NRCS
2021-07-17 08:00:00+00:00,682:CO:SNTL,POINT Z (-107.87951 39.04433 9987),0.0,in,55.94,degF,0.0,in,0.3,in,NRCS
2021-07-18 08:00:00+00:00,682:CO:SNTL,POINT Z (-107.87951 39.04433 9987),0.0,in,61.52,degF,0.0,in,0.0,in,NRCS
2021-07-19 08:00:00+00:00,682:CO:SNTL,POINT Z (-107.87951 39.04433 9987),0.0,in,60.08,degF,0.0,in,0.0,in,NRCS
2021-07-20 08:00:00+00:00,682:CO:SNTL,POINT Z (-107.87951 39.04433 9987),0.0,in,58.82,degF,0.0,in,0.4,in,NRCS
2021-07-21 08:00:00+00:00,682:CO:SNTL,POINT Z (-107.87951 39.04433 9987),0.0,in,55.58,degF,0.0,in,0.4,in,NRCS
2021-07-22 08:00:00+00:00,682:CO:SNTL,POINT Z (-107.87951 39.04433 9987),0.0,in,56.48,degF,0.0,in,1.0,in,NRCS
2021-07-23 08:00:00+00:00,682:CO:SNTL,POINT Z (-107.87951 39.04433 9987),0.0,in,59.0,degF,0.0,in,0.0,in,NRCS
2021-07-24 08:00:00+00:00,682:CO:SNTL,POINT Z (-107.87951 39.04433 9987),0.0,in,55.04,degF,0.0,in,0.5,in,NRCS
2021-07-25 08:00:00+00:00,682:CO:SNTL,POINT Z (-107.87951 39.04433 9987),0.0,in,52.88,degF,0.0,in,0.3,in,NRCS
2021-07-26 08:00:00+00:00,682:CO:SNTL,POINT Z (-107.87951 39.04433 9987),0.0,in,55.76,degF,0.0,in,0.2,in,NRCS
2021-07-27 08:00:00+00:00,682:CO:SNTL,POINT Z (-107.87951 39.04433 9987),0.0,in,57.74,degF,0.0,in,0.0,in,NRCS
2021-07-28 08:00:00+00:00,682:CO:SNTL,POINT Z (-107.87951 39.04433 9987),0.0,in,58.82,degF,0.0,in,0.3,in,NRCS
2021-07-29 08:00:00+00:00,682:CO:SNTL,POINT Z (-107.87951 39.04433 9987),0.0,in,58.46,degF,0.0,in,0.3,in,NRCS
2021-07-30 08:00:00+00:00,682:CO:SNTL,POINT Z (-107.87951 39.04433 9987),0.0,in,57.56,degF,0.0,in,0.5,in,NRCS
2021-07-31 08:00:00+00:00,682:CO:SNTL,POINT Z (-107.87951 39.04433 9987),0.0,in,53.6,degF,0.0,in,0.1,in,NRCS
2021-08-01 08:00:00+00:00,682:CO:SNTL,POINT Z (-107.87951 39.04433 9987),0.0,in,53.24,degF,0.0,in,0.0,in,NRCS
2021-08-02 08:00:00+00:00,682:CO:SNTL,POINT Z (-107.87951 39.04433 9987),0.0,in,51.26,degF,0.0,in,0.2,in,NRCS
2021-08-03 08:00:00+00:00,682:CO:SNTL,POINT Z (-107.87951 39.04433 9987),0.0,in,53.42,degF,0.0,in,0.0,in,NRCS
2021-08-04 08:00:00+00:00,682:CO:SNTL,POINT Z (-107.87951 39.04433 9987),0.0,in,54.86,degF,0.0,in,0.0,in,NRCS
2021-08-05 08:00:00+00:00,682:CO:SNTL,POINT Z (-107.87951 39.04433 9987),0.0,in,55.58,degF,0.0,in,0.0,in,NRCS
2021-08-06 08:00:00+00:00,682:CO:SNTL,POINT Z (-107.87951 39.04433 9987),0.0,in,59.18,degF,0.0,in,0.0,in,NRCS
2021-08-07 08:00:00+00:00,682:CO:SNTL,POINT Z (-107.87951 39.04433 9987),0.0,in,52.16,degF,0.0,in,0.0,in,NRCS
2021-08-08 08:00:00+00:00,682:CO:SNTL,POINT Z (-107.87951 39.04433 9987),0.0,in,53.96,degF,0.0,in,0.0,in,NRCS
2021-08-09 08:00:00+00:00,682:CO:SNTL,POINT Z (-107.87951 39.04433 9987),0.0,in,57.56,degF,0.0,in,0.0,in,NRCS
2021-08-10 08:00:00+00:00,682:CO:SNTL,POINT Z (-107.87951 39.04433 9987),0.0,in,57.56,degF,0.0,in,0.0,in,NRCS
2021-08-11 08:00:00+00:00,682:CO:SNTL,POINT Z (-107.87951 39.04433 9987),0.0,in,57.2,degF,0.0,in,0.0,in,NRCS
2021-08-12 08:00:00+00:00,682:CO:SNTL,POINT Z (-107.87951 39.04433 9987),0.0,in,59.36,degF,0.0,in,0.0,in,NRCS
2021-08-13 08:00:00+00:00,682:CO:SNTL,POINT Z (-107.87951 39.04433 9987),0.0,in,60.08,degF,0.0,in,0.0,in,NRCS
2021-08-14 08:00:00+00:00,682:CO:SNTL,POINT Z (-107.87951 39.04433 9987),0.0,in,60.62,degF,0.0,in,0.0,in,NRCS
2021-08-15 08:00:00+00:00,682:CO:SNTL,POINT Z (-107.87951 39.04433 9987),0.0,in,59.36,degF,0.0,in,0.0,in,NRCS
2021-08-16 08:00:00+00:00,682:CO:SNTL,POINT Z (-107.87951 39.04433 9987),0.0,in,55.22,degF,0.0,in,0.0,in,NRCS
2021-08-17 08:00:00+00:00,682:CO:SNTL,POINT Z (-107.87951 39.04433 9987),0.0,in,57.02,degF,0.0,in,0.0,in,NRCS
2021-08-18 08:00:00+00:00,682:CO:SNTL,POINT Z (-107.87951 39.04433 9987),0.0,in,51.62,degF,0.0,in,0.3,in,NRCS
2021-08-19 08:00:00+00:00,682:CO:SNTL,POINT Z (-107.87951 39.04433 9987),0.0,in,41.9,degF,0.0,in,1.4,in,NRCS
2021-08-20 08:00:00+00:00,682:CO:SNTL,POINT Z (-107.87951 39.04433 9987),0.0,in,40.28,degF,0.0,in,0.0,in,NRCS
2021-08-21 08:00:00+00:00,682:CO:SNTL,POINT Z (-107.87951 39.04433 9987),0.0,in,47.12,degF,0.0,in,0.1,in,NRCS
2021-08-22 08:00:00+00:00,682:CO:SNTL,POINT Z (-107.87951 39.04433 9987),0.0,in,51.08,degF,0.0,in,0.0,in,NRCS
2021-08-23 08:00:00+00:00,682:CO:SNTL,POINT Z (-107.87951 39.04433 9987),0.0,in,52.52,degF,0.0,in,0.0,in,NRCS
2021-08-24 08:00:00+00:00,682:CO:SNTL,POINT Z (-107.87951 39.04433 9987),0.0,in,51.26,degF,0.0,in,0.0,in,NRCS
2021-08-25 08:00:00+00:00,682:CO:SNTL,POINT Z (-107.87951 39.04433 9987),0.0,in,51.98,degF,0.0,in,0.0,in,NRCS
2021-08-26 08:00:00+00:00,682:CO:SNTL,POINT Z (-107.87951 39.04433 9987),0.0,in,51.98,degF,0.0,in,0.0,in,NRCS
2021-08-27 08:00:00+00:00,682:CO:SNTL,POINT Z (-107.87951 39.04433 9987),0.0,in,53.78,degF,0.0,in,0.0,in,NRCS
2021-08-28 08:00:00+00:00,682:CO:SNTL,POINT Z (-107.87951 39.04433 9987),0.0,in,54.14,degF,0.0,in,0.0,in,NRCS
2021-08-29 08:00:00+00:00,682:CO:SNTL,POINT Z (-107.87951 39.04433 9987),0.0,in,54.14,degF,0.0,in,0.0,in,NRCS
2021-08-30 08:00:00+00:00,682:CO:SNTL,POINT Z (-107.87951 39.04433 9987),0.0,in,53.6,degF,0.0,in,0.0,in,NRCS
2021-08-31 08:00:00+00:00,682:CO:SNTL,POINT Z (-107.87951 39.04433 9987),0.0,in,57.56,degF,0.0,in,0.0,in,NRCS
2021-09-01 08:00:00+00:00,682:CO:SNTL,POINT Z (-107.87951 39.04433 9987),0.0,in,50.9,degF,0.0,in,0.5,in,NRCS
2021-09-02 08:00:00+00:00,682:CO:SNTL,POINT Z (-107.87951 39.04433 9987),0.0,in,49.82,degF,0.0,in,0.1,in,NRCS
2021-09-03 08:00:00+00:00,682:CO:SNTL,POINT Z (-107.87951 39.04433 9987),0.0,in,47.84,degF,0.0,in,0.2,in,NRCS
2021-09-04 08:00:00+00:00,682:CO:SNTL,POINT Z (-107.87951 39.04433 9987),0.0,in,48.92,degF,0.0,in,0.0,in,NRCS
2021-09-05 08:00:00+00:00,682:CO:SNTL,POINT Z (-107.87951 39.04433 9987),0.0,in,49.28,degF,0.0,in,0.0,in,NRCS
2021-09-06 08:00:00+00:00,682:CO:SNTL,POINT Z (-107.87951 39.04433 9987),0.0,in,53.24,degF,0.0,in,0.0,in,NRCS
2021-09-07 08:00:00+00:00,682:CO:SNTL,POINT Z (-107.87951 39.04433 9987),0.0,in,54.68,degF,0.0,in,0.0,in,NRCS
2021-09-08 08:00:00+00:00,682:CO:SNTL,POINT Z (-107.87951 39.04433 9987),0.0,in,53.78,degF,0.0,in,0.0,in,NRCS
2021-09-09 08:00:00+00:00,682:CO:SNTL,POINT Z (-107.87951 39.04433 9987),0.0,in,54.14,degF,0.0,in,0.0,in,NRCS
2021-09-10 08:00:00+00:00,682:CO:SNTL,POINT Z (-107.87951 39.04433 9987),0.0,in,56.48,degF,0.0,in,0.0,in,NRCS
2021-09-11 08:00:00+00:00,682:CO:SNTL,POINT Z (-107.87951 39.04433 9987),0.0,in,55.94,degF,0.0,in,0.0,in,NRCS
2021-09-12 08:00:00+00:00,682:CO:SNTL,POINT Z (-107.87951 39.04433 9987),0.0,in,51.8,degF,0.0,in,0.0,in,NRCS
2021-09-13 08:00:00+00:00,682:CO:SNTL,POINT Z (-107.87951 39.04433 9987),0.0,in,53.78,degF,0.0,in,0.0,in,NRCS
2021-09-14 08:00:00+00:00,682:CO:SNTL,POINT Z (-107.87951 39.04433 9987),0.0,in,52.7,degF,0.0,in,0.0,in,NRCS
2021-09-15 08:00:00+00:00,682:CO:SNTL,POINT Z (-107.87951 39.04433 9987),0.0,in,50.9,degF,0.0,in,0.0,in,NRCS
2021-09-16 08:00:00+00:00,682:CO:SNTL,POINT Z (-107.87951 39.04433 9987),0.0,in,50.36,degF,0.0,in,0.0,in,NRCS
2021-09-17 08:00:00+00:00,682:CO:SNTL,POINT Z (-107.87951 39.04433 9987),0.0,in,48.56,degF,0.0,in,0.0,in,NRCS
2021-09-18 08:00:00+00:00,682:CO:SNTL,POINT Z (-107.87951 39.04433 9987),0.0,in,47.84,degF,0.0,in,0.4,in,NRCS
2021-09-19 08:00:00+00:00,682:CO:SNTL,POINT Z (-107.87951 39.04433 9987),0.0,in,47.12,degF,0.0,in,0.0,in,NRCS
2021-09-20 08:00:00+00:00,682:CO:SNTL,POINT Z (-107.87951 39.04433 9987),0.0,in,38.84,degF,0.0,in,0.1,in,NRCS
2021-09-21 08:00:00+00:00,682:CO:SNTL,POINT Z (-107.87951 39.04433 9987),0.0,in,37.94,degF,0.0,in,0.0,in,NRCS
2021-09-22 08:00:00+00:00,682:CO:SNTL,POINT Z (-107.87951 39.04433 9987),0.0,in,42.62,degF,0.0,in,0.0,in,NRCS
2021-09-23 08:00:00+00:00,682:CO:SNTL,POINT Z (-107.87951 39.04433 9987),0.0,in,45.86,degF,0.0,in,0.0,in,NRCS
2021-09-24 08:00:00+00:00,682:CO:SNTL,POINT Z (-107.87951 39.04433 9987),0.0,in,46.4,degF,0.0,in,0.0,in,NRCS
2021-09-25 08:00:00+00:00,682:CO:SNTL,POINT Z (-107.87951 39.04433 9987),0.0,in,48.02,degF,0.0,in,0.0,in,NRCS
2021-09-26 08:00:00+00:00,682:CO:SNTL,POINT Z (-107.87951 39.04433 9987),0.0,in,49.64,degF,0.0,in,0.0,in,NRCS
2021-09-27 08:00:00+00:00,682:CO:SNTL,POINT Z (-107.87951 39.04433 9987),0.0,in,47.48,degF,0.0,in,0.1,in,NRCS
2021-09-28 08:00:00+00:00,682:CO:SNTL,POINT Z (-107.87951 39.04433 9987),0.0,in,42.62,degF,0.0,in,0.2,in,NRCS
2021-09-29 08:00:00+00:00,682:CO:SNTL,POINT Z (-107.87951 39.04433 9987),0.0,in,37.4,degF,0.0,in,0.8,in,NRCS
2021-09-30 08:00:00+00:00,682:CO:SNTL,POINT Z (-107.87951 39.04433 9987),0.3,in,38.66,degF,0.0,in,0.2,in,NRCS
2021-10-01 08:00:00+00:00,682:CO:SNTL,POINT Z (-107.87951 39.04433 9987),0.3,in,38.48,degF,0.0,in,0.4,in,NRCS
